,Date,Time,S5_CO2,,,,,
1067,22/12/2017,11:00,395,689,,11:00,11:00,11:00
1068,22/12/2017,11:01,400,719,,11:01,11:01,11:01
1069,22/12/2017,11:02,402.5,721,,11:02,11:02,11:02
1070,22/12/2017,11:03,410,,,11:03,11:03,11:03
1071,22/12/2017,11:04,405,,,11:04,11:04,11:04
1072,22/12/2017,11:05,402.5,,,11:05,11:05,11:05
1073,22/12/2017,11:06,410,,,11:06,11:06,11:06
1074,22/12/2017,11:07,407.5,,,11:07,11:07,11:07
1075,22/12/2017,11:08,412.5,,,11:08,11:08,11:08
1076,22/12/2017,11:09,422.5,,,11:09,11:09,11:09
1077,22/12/2017,11:10,422.5,,,11:10,11:10,11:10
1078,22/12/2017,11:11,420,,,11:11,11:11,11:11
1079,22/12/2017,11:12,422.5,,,11:12,11:12,11:12
1080,22/12/2017,11:13,430,,,11:13,11:13,11:13
1081,22/12/2017,11:14,430,,,11:14,11:14,11:14
1082,22/12/2017,11:15,422.5,,,11:15,11:15,11:15
1083,22/12/2017,11:16,420,,,11:16,11:16,11:16
1084,22/12/2017,11:17,432.5,,,11:17,11:17,11:17
1085,22/12/2017,11:18,437.5,,,11:18,11:18,11:18
1086,22/12/2017,11:19,440,,,11:19,11:19,11:19
1087,22/12/2017,11:20,432.5,,,11:20,11:20,11:20
1088,22/12/2017,11:21,437.5,,,11:21,11:21,11:21
1089,22/12/2017,11:22,445,,,11:22,11:22,11:22
1090,22/12/2017,11:23,445,,,11:23,11:23,11:23
1091,22/12/2017,11:24,440,,,11:24,11:24,11:24
1092,22/12/2017,11:25,445,,,11:25,11:25,11:25
1093,22/12/2017,11:26,450,,,11:26,11:26,11:26
1094,22/12/2017,11:27,450,,,11:27,11:27,11:27
1095,22/12/2017,11:28,450,,,11:28,11:28,11:28
1096,22/12/2017,11:29,450,,,11:29,11:29,11:29
1097,22/12/2017,11:30,445,,,11:30,11:30,11:30
1098,22/12/2017,11:31,450,,,11:31,11:31,11:31
1099,22/12/2017,11:32,455,,,11:32,11:32,11:32
1100,22/12/2017,11:33,450,,,11:33,11:33,11:33
1101,22/12/2017,11:34,447.5,,,11:34,11:34,11:34
1102,22/12/2017,11:35,450,,,11:35,11:35,11:35
1103,22/12/2017,11:36,460,,,11:36,11:36,11:36
1104,22/12/2017,11:39,477.5,,,11:39,11:37,11:37
1105,22/12/2017,11:40,482.5,,,11:40,11:38,11:38
1106,22/12/2017,11:41,495,,,11:41,11:39,11:39
1107,22/12/2017,11:42,500,,,11:42,11:40,11:40
1108,22/12/2017,11:43,505,,,11:43,11:41,11:41
1109,22/12/2017,11:44,512.5,,,11:44,11:42,11:42
1110,22/12/2017,11:45,515,,,11:45,11:43,11:43
1111,22/12/2017,11:46,522.5,,,11:46,11:44,11:44
1112,22/12/2017,11:47,535,,,11:47,11:45,11:45
1113,22/12/2017,11:48,542.5,,,11:48,11:46,11:46
1114,22/12/2017,11:49,545,,,11:49,11:47,11:47
1115,22/12/2017,11:50,550,,,11:50,11:48,11:48
1116,22/12/2017,11:51,552.5,,,11:51,11:49,11:49
1117,22/12/2017,11:52,555,,,11:52,11:50,11:50
1118,22/12/2017,11:53,555,,,11:53,11:51,11:51
1119,22/12/2017,11:54,560,,,11:54,11:52,11:52
1120,22/12/2017,11:55,560,,,11:55,11:53,11:53
1121,22/12/2017,11:56,567.5,,,11:56,11:54,11:54
1122,22/12/2017,11:57,570,,,11:57,11:55,11:55
1123,22/12/2017,11:58,580,,,11:58,11:56,11:56
1124,22/12/2017,11:59,587.5,,,11:59,11:57,11:57
1125,22/12/2017,12:00,587.5,,,12:00,11:58,11:58
1126,22/12/2017,12:01,595,,,12:01,11:59,11:59
1127,22/12/2017,12:02,597.5,,,12:02,12:00,12:00
1128,22/12/2017,12:03,600,,,12:03,12:01,12:01
1129,22/12/2017,12:04,592.5,,,12:04,12:02,12:02
1130,22/12/2017,12:05,590,,,12:05,12:03,12:03
1131,22/12/2017,12:06,592.5,,,12:06,12:04,12:04
1132,22/12/2017,12:07,595,,,12:07,12:05,12:05
1133,22/12/2017,12:08,605,,,12:08,12:06,12:06
1134,22/12/2017,12:09,607.5,,,12:09,12:07,12:07
1135,22/12/2017,12:10,615,,,12:10,12:08,12:08
1136,22/12/2017,12:11,622.5,,,12:11,12:09,12:09
1137,22/12/2017,12:12,630,,,12:12,12:10,12:10
1138,22/12/2017,12:13,630,,,12:13,12:11,12:11
1139,22/12/2017,12:14,625,,,12:14,12:12,12:12
1140,22/12/2017,12:15,630,,,12:15,12:13,12:13
1141,22/12/2017,12:16,625,,,12:16,12:14,12:14
1142,22/12/2017,12:17,635,,,12:17,12:15,12:15
1143,22/12/2017,12:18,632.5,,,12:18,12:16,12:16
1144,22/12/2017,12:19,635,,,12:19,12:17,12:17
1145,22/12/2017,12:20,635,,,12:20,12:18,12:18
1146,22/12/2017,12:21,642.5,,,12:21,12:19,12:19
1147,22/12/2017,12:22,647.5,,,12:22,12:20,12:20
1148,22/12/2017,12:23,650,,,12:23,12:21,12:21
1149,22/12/2017,12:24,640,,,12:24,12:22,12:22
1150,22/12/2017,12:25,645,,,12:25,12:23,12:23
1151,22/12/2017,12:26,642.5,,,12:26,12:24,12:24
1152,22/12/2017,12:27,642.5,,,12:27,12:25,12:25
1153,22/12/2017,12:28,642.5,,,12:28,12:26,12:26
1154,22/12/2017,12:29,642.5,,,12:29,12:27,12:27
1155,22/12/2017,12:30,647.5,,,12:30,12:28,12:28
1156,22/12/2017,12:31,650,,,12:31,12:29,12:29
1157,22/12/2017,12:32,657.5,,,12:32,12:30,12:30
1158,22/12/2017,12:33,657.5,,,12:33,12:31,12:31
1159,22/12/2017,12:34,662.5,,,12:34,12:32,12:32
1160,22/12/2017,12:35,667.5,,,12:35,12:33,12:33
1161,22/12/2017,12:36,677.5,,,12:36,12:34,12:34
1162,22/12/2017,12:37,675,,,12:37,12:35,12:35
1163,22/12/2017,12:38,680,,,12:38,12:36,12:36
1164,22/12/2017,12:39,690,,,12:39,12:37,12:37
1165,22/12/2017,12:40,695,,,12:40,12:38,12:38
1166,22/12/2017,12:41,700,,,12:41,12:39,12:39
1167,22/12/2017,12:42,695,,,12:42,12:40,12:40
1168,22/12/2017,13:08,810,,,13:08,12:41,12:41
1169,22/12/2017,13:09,812.5,,,13:09,12:42,12:42
1170,22/12/2017,13:10,815,,,13:10,12:43,12:43
1171,22/12/2017,13:11,817.5,,,13:11,12:44,12:44
1172,22/12/2017,13:12,837.5,,,13:12,12:45,12:45
1173,22/12/2017,13:13,842.5,,,13:13,12:46,12:46
1174,22/12/2017,13:14,845,,,13:14,12:47,12:47
1175,22/12/2017,13:15,842.5,,,13:15,12:48,12:48
1176,22/12/2017,13:16,842.5,,,13:16,12:49,12:49
1177,22/12/2017,13:17,852.5,,,13:17,12:50,12:50
1178,22/12/2017,13:18,850,,,13:18,12:51,12:51
1179,22/12/2017,13:19,847.5,,,13:19,12:52,12:52
1180,22/12/2017,13:20,847.5,,,13:20,12:53,12:53
1181,22/12/2017,13:21,855,,,13:21,12:54,12:54
1182,22/12/2017,13:22,857.5,,,13:22,12:55,12:55
1183,22/12/2017,13:23,860,,,13:23,12:56,12:56
1184,22/12/2017,13:24,860,,,13:24,12:57,12:57
1185,22/12/2017,13:25,862.5,,,13:25,12:58,12:58
1186,22/12/2017,13:26,865,,,13:26,12:59,12:59
1187,22/12/2017,13:27,877.5,,,13:27,13:00,13:00
1188,22/12/2017,13:28,877.5,,,13:28,13:01,13:01
1189,22/12/2017,13:29,885,,,13:29,13:02,13:02
1190,22/12/2017,13:30,880,,,13:30,13:03,13:03
1191,22/12/2017,13:31,870,,,13:31,13:04,13:04
1192,22/12/2017,13:32,872.5,,,13:32,13:05,13:05
1193,22/12/2017,13:33,870,,,13:33,13:06,13:06
1194,22/12/2017,13:34,867.5,,,13:34,13:07,13:07
1195,22/12/2017,13:35,867.5,,,13:35,13:08,13:08
1196,22/12/2017,13:36,850,,,13:36,13:09,13:09
1197,22/12/2017,13:37,847.5,,,13:37,13:10,13:10
1198,22/12/2017,13:38,862.5,,,13:38,13:11,13:11
1199,22/12/2017,13:39,870,,,13:39,13:12,13:12
1200,22/12/2017,13:40,887.5,,,13:40,13:13,13:13
1201,22/12/2017,13:41,895,,,13:41,13:14,13:14
1202,22/12/2017,13:42,890,,,13:42,13:15,13:15
1203,22/12/2017,13:43,880,,,13:43,13:16,13:16
1204,22/12/2017,13:44,877.5,,,13:44,13:17,13:17
1205,22/12/2017,13:45,875,,,13:45,13:18,13:18
1206,22/12/2017,13:46,880,,,13:46,13:19,13:19
1207,22/12/2017,13:47,895,,,13:47,13:20,13:20
1208,22/12/2017,13:48,907.5,,,13:48,13:21,13:21
1209,22/12/2017,13:49,910,,,13:49,13:22,13:22
1210,22/12/2017,13:50,910,,,13:50,13:23,13:23
1211,22/12/2017,13:51,910,,,13:51,13:24,13:24
1212,22/12/2017,13:52,912.5,,,13:52,13:25,13:25
1213,22/12/2017,13:53,910,,,13:53,13:26,13:26
1214,22/12/2017,13:54,917.5,,,13:54,13:27,13:27
1215,22/12/2017,13:55,925,,,13:55,13:28,13:28
1216,22/12/2017,13:56,932.5,,,13:56,13:29,13:29
1217,22/12/2017,13:57,935,,,13:57,13:30,13:30
1218,22/12/2017,13:58,935,,,13:58,13:31,13:31
1219,22/12/2017,13:59,935,,,13:59,13:32,13:32
1220,22/12/2017,14:00,927.5,,,14:00,13:33,13:33
1221,22/12/2017,14:01,927.5,,,14:01,13:34,13:34
1222,22/12/2017,14:02,940,,,14:02,13:35,13:35
1223,22/12/2017,14:03,945,,,14:03,13:36,13:36
1224,22/12/2017,14:04,957.5,,,14:04,13:37,13:37
1225,22/12/2017,14:05,962.5,,,14:05,13:38,13:38
1226,22/12/2017,14:06,967.5,,,14:06,13:39,13:39
1227,22/12/2017,14:07,967.5,,,14:07,13:40,13:40
1228,22/12/2017,14:08,972.5,,,14:08,13:41,13:41
1229,22/12/2017,14:09,962.5,,,14:09,13:42,13:42
1230,22/12/2017,14:10,957.5,,,14:10,13:43,13:43
1231,22/12/2017,14:11,965,,,14:11,13:44,13:44
1232,22/12/2017,14:12,965,,,14:12,13:45,13:45
1233,22/12/2017,14:13,960,,,14:13,13:46,13:46
1234,22/12/2017,14:14,952.5,,,14:14,13:47,13:47
1235,22/12/2017,14:15,950,,,14:15,13:48,13:48
1236,22/12/2017,14:16,965,,,14:16,13:49,13:49
1237,22/12/2017,14:17,965,,,14:17,13:50,13:50
1238,22/12/2017,14:18,970,,,14:18,13:51,13:51
1239,22/12/2017,14:19,970,,,14:19,13:52,13:52
1240,22/12/2017,14:20,967.5,,,14:20,13:53,13:53
1241,22/12/2017,14:21,967.5,,,14:21,13:54,13:54
1242,22/12/2017,14:22,962.5,,,14:22,13:55,13:55
1243,22/12/2017,14:23,965,,,14:23,13:56,13:56
1244,22/12/2017,14:24,975,,,14:24,13:57,13:57
1245,22/12/2017,14:25,972.5,,,14:25,13:58,13:58
1246,22/12/2017,14:26,962.5,,,14:26,13:59,13:59
1247,22/12/2017,14:27,957.5,,,14:27,14:00,14:00
1248,22/12/2017,14:28,945,,,14:28,14:01,14:01
1249,22/12/2017,14:29,950,,,14:29,14:02,14:02
1250,22/12/2017,14:30,935,,,14:30,14:03,14:03
1251,22/12/2017,14:31,915,,,14:31,14:04,14:04
1252,22/12/2017,14:32,895,,,14:32,14:05,14:05
1253,22/12/2017,14:33,875,,,14:33,14:06,14:06
1254,22/12/2017,14:34,860,,,14:34,14:07,14:07
1255,22/12/2017,14:35,847.5,,,14:35,14:08,14:08
1256,22/12/2017,14:36,847.5,,,14:36,14:09,14:09
1257,22/12/2017,14:37,840,,,14:37,14:10,14:10
1258,22/12/2017,14:38,835,,,14:38,14:11,14:11
1259,22/12/2017,14:39,835,,,14:39,14:12,14:12
1260,22/12/2017,14:40,830,,,14:40,14:13,14:13
1261,22/12/2017,14:41,830,,,14:41,14:14,14:14
1262,22/12/2017,14:42,830,,,14:42,14:15,14:15
1263,22/12/2017,14:43,820,,,14:43,14:16,14:16
1264,22/12/2017,14:44,815,,,14:44,14:17,14:17
1265,22/12/2017,14:45,810,,,14:45,14:18,14:18
1266,22/12/2017,14:46,802.5,,,14:46,14:19,14:19
1267,22/12/2017,14:47,790,,,14:47,14:20,14:20
1268,22/12/2017,14:48,772.5,,,14:48,14:21,14:21
1269,22/12/2017,14:49,767.5,,,14:49,14:22,14:22
1270,22/12/2017,14:50,760,,,14:50,14:23,14:23
1271,22/12/2017,14:51,752.5,,,14:51,14:24,14:24
1272,22/12/2017,14:52,752.5,,,14:52,14:25,14:25
1273,22/12/2017,14:53,752.5,,,14:53,14:26,14:26
1274,22/12/2017,14:54,752.5,,,14:54,14:27,14:27
1275,22/12/2017,14:55,752.5,,,14:55,14:28,14:28
1276,22/12/2017,14:56,735,,,14:56,14:29,14:29
1277,22/12/2017,14:57,725,,,14:57,14:30,14:30
1278,22/12/2017,14:58,712.5,,,14:58,14:31,14:31
1279,22/12/2017,14:59,715,,,14:59,14:32,14:32
1280,22/12/2017,15:00,715,,,15:00,14:33,14:33
1281,22/12/2017,15:01,710,,,15:01,14:34,14:34
1282,22/12/2017,15:02,705,,,15:02,14:35,14:35
1283,22/12/2017,15:03,700,,,15:03,14:36,14:36
1284,22/12/2017,15:04,690,,,15:04,14:37,14:37
1285,22/12/2017,15:05,695,,,15:05,14:38,14:38
1286,22/12/2017,15:06,687.5,,,15:06,14:39,14:39
1287,22/12/2017,15:07,682.5,,,15:07,14:40,14:40
1288,22/12/2017,15:08,687.5,,,15:08,14:41,14:41
1289,22/12/2017,15:09,685,,,15:09,14:42,14:42
1290,22/12/2017,15:10,677.5,,,15:10,14:43,14:43
1291,22/12/2017,15:11,677.5,,,15:11,14:44,14:44
1292,22/12/2017,15:12,675,,,15:12,14:45,14:45
1293,22/12/2017,15:13,672.5,,,15:13,14:46,14:46
1294,22/12/2017,15:14,655,,,15:14,14:47,14:47
1295,22/12/2017,15:15,650,,,15:15,14:48,14:48
1296,22/12/2017,15:16,640,,,15:16,14:49,14:49
1297,22/12/2017,15:17,637.5,,,15:17,14:50,14:50
1298,22/12/2017,15:18,627.5,,,15:18,14:51,14:51
1299,22/12/2017,15:19,622.5,,,15:19,14:52,14:52
1300,22/12/2017,15:20,612.5,,,15:20,14:53,14:53
1301,22/12/2017,15:21,600,,,15:21,14:54,14:54
1302,22/12/2017,15:22,597.5,,,15:22,14:55,14:55
1303,22/12/2017,15:23,600,,,15:23,14:56,14:56
1304,22/12/2017,15:25,595,,,15:25,14:57,14:57
1305,22/12/2017,15:26,592.5,,,15:26,14:58,14:58
1306,22/12/2017,15:27,592.5,,,15:27,14:59,14:59
1307,22/12/2017,15:28,587.5,,,15:28,15:00,15:00
1308,22/12/2017,15:29,595,,,15:29,15:01,15:01
1309,22/12/2017,15:30,592.5,,,15:30,15:02,15:02
1310,22/12/2017,15:31,580,,,15:31,15:03,15:03
1311,22/12/2017,15:32,580,,,15:32,15:04,15:04
1312,22/12/2017,15:33,580,,,15:33,15:05,15:05
1313,22/12/2017,15:34,575,,,15:34,15:06,15:06
1314,22/12/2017,15:35,570,,,15:35,15:07,15:07
1315,22/12/2017,15:36,570,,,15:36,15:08,15:08
1316,22/12/2017,15:37,572.5,,,15:37,15:09,15:09
1317,22/12/2017,15:38,575,,,15:38,15:10,15:10
1318,22/12/2017,15:39,575,,,15:39,15:11,15:11
1319,22/12/2017,15:40,570,,,15:40,15:12,15:12
1320,22/12/2017,15:41,572.5,,,15:41,15:13,15:13
1321,22/12/2017,15:42,567.5,,,15:42,15:14,15:14
1322,22/12/2017,15:43,570,,,15:43,15:15,15:15
1323,22/12/2017,15:44,565,,,15:44,15:16,15:16
1324,22/12/2017,15:45,562.5,,,15:45,15:17,15:17
1325,22/12/2017,15:46,562.5,,,15:46,15:18,15:18
1326,22/12/2017,15:47,567.5,,,15:47,15:19,15:19
1327,22/12/2017,15:48,572.5,,,15:48,15:20,15:20
1328,22/12/2017,15:49,577.5,,,15:49,15:21,15:21
1329,22/12/2017,15:50,582.5,,,15:50,15:22,15:22
1330,22/12/2017,15:51,587.5,,,15:51,15:23,15:23
1331,22/12/2017,15:52,590,,,15:52,15:24,15:24
1332,22/12/2017,15:53,590,,,15:53,15:25,15:25
1333,22/12/2017,15:54,585,,,15:54,15:26,15:26
1334,22/12/2017,15:55,597.5,,,15:55,15:27,15:27
1335,22/12/2017,15:56,597.5,,,15:56,15:28,15:28
1336,22/12/2017,15:57,595,,,15:57,15:29,15:29
1337,22/12/2017,15:58,592.5,,,15:58,15:30,15:30
1338,22/12/2017,15:59,595,,,15:59,15:31,15:31
1339,22/12/2017,16:00,595,,,16:00,15:32,15:32
1340,22/12/2017,16:01,590,,,16:01,15:33,15:33
1341,22/12/2017,16:02,595,,,16:02,15:34,15:34
1342,22/12/2017,16:03,595,,,16:03,15:35,15:35
1343,22/12/2017,16:04,595,,,16:04,15:36,15:36
1344,22/12/2017,16:05,605,,,16:05,15:37,15:37
1345,22/12/2017,16:06,602.5,,,16:06,15:38,15:38
1346,22/12/2017,16:07,595,,,16:07,15:39,15:39
1347,22/12/2017,16:08,595,,,16:08,15:40,15:40
1348,22/12/2017,16:09,602.5,,,16:09,15:41,15:41
1349,22/12/2017,16:10,605,,,16:10,15:42,15:42
1350,22/12/2017,16:11,605,,,16:11,15:43,15:43
1351,22/12/2017,16:12,612.5,,,16:12,15:44,15:44
1352,22/12/2017,16:13,617.5,,,16:13,15:45,15:45
1353,22/12/2017,16:14,612.5,,,16:14,15:46,15:46
1354,22/12/2017,16:15,610,,,16:15,15:47,15:47
1355,22/12/2017,16:16,610,,,16:16,15:48,15:48
1356,22/12/2017,16:17,615,,,16:17,15:49,15:49
1357,22/12/2017,16:18,620,,,16:18,15:50,15:50
1358,22/12/2017,16:19,617.5,,,16:19,15:51,15:51
1359,22/12/2017,16:20,622.5,,,16:20,15:52,15:52
1360,22/12/2017,16:21,617.5,,,16:21,15:53,15:53
1361,22/12/2017,16:22,620,,,16:22,15:54,15:54
1362,22/12/2017,16:23,620,,,16:23,15:55,15:55
1363,22/12/2017,16:24,617.5,,,16:24,15:56,15:56
1364,22/12/2017,16:25,615,,,16:25,15:57,15:57
1365,22/12/2017,16:26,617.5,,,16:26,15:58,15:58
1366,22/12/2017,16:27,627.5,,,16:27,15:59,15:59
1367,22/12/2017,16:28,627.5,,,16:28,16:00,16:00
1368,22/12/2017,16:29,625,,,16:29,16:01,16:01
1369,22/12/2017,16:30,625,,,16:30,16:02,16:02
1370,22/12/2017,16:31,625,,,16:31,16:03,16:03
1371,22/12/2017,16:32,615,,,16:32,16:04,16:04
1372,22/12/2017,16:33,617.5,,,16:33,16:05,16:05
1373,22/12/2017,16:34,622.5,,,16:34,16:06,16:06
1374,22/12/2017,16:35,630,,,16:35,16:07,16:07
1375,22/12/2017,16:36,630,,,16:36,16:08,16:08
1376,22/12/2017,16:37,630,,,16:37,16:09,16:09
1377,22/12/2017,16:38,627.5,,,16:38,16:10,16:10
1378,22/12/2017,16:39,627.5,,,16:39,16:11,16:11
1379,22/12/2017,16:40,627.5,,,16:40,16:12,16:12
1380,22/12/2017,16:41,630,,,16:41,16:13,16:13
1381,22/12/2017,16:42,635,,,16:42,16:14,16:14
1382,22/12/2017,16:43,637.5,,,16:43,16:15,16:15
1383,22/12/2017,16:44,645,,,16:44,16:16,16:16
1384,22/12/2017,16:45,650,,,16:45,16:17,16:17
1385,22/12/2017,16:46,655,,,16:46,16:18,16:18
1386,22/12/2017,16:47,657.5,,,16:47,16:19,16:19
1387,22/12/2017,16:48,665,,,16:48,16:20,16:20
1388,22/12/2017,16:49,670,,,16:49,16:21,16:21
1389,22/12/2017,16:50,677.5,,,16:50,16:22,16:22
1390,22/12/2017,16:51,680,,,16:51,16:23,16:23
1391,22/12/2017,16:52,687.5,,,16:52,16:24,16:24
1392,22/12/2017,16:53,690,,,16:53,16:25,16:25
1393,22/12/2017,16:54,690,,,16:54,16:26,16:26
1394,22/12/2017,16:55,697.5,,,16:55,16:27,16:27
1395,22/12/2017,16:56,700,,,16:56,16:28,16:28
1396,22/12/2017,16:57,705,,,16:57,16:29,16:29
1397,22/12/2017,16:58,710,,,16:58,16:30,16:30
1398,22/12/2017,16:59,710,,,16:59,16:31,16:31
1399,22/12/2017,17:00,710,,,17:00,16:32,16:32
1400,22/12/2017,17:01,715,,,17:01,16:33,16:33
1401,22/12/2017,17:02,720,,,17:02,16:34,16:34
1402,22/12/2017,17:03,722.5,,,17:03,16:35,16:35
1403,22/12/2017,17:04,725,,,17:04,16:36,16:36
1404,22/12/2017,17:05,727.5,,,17:05,16:37,16:37
1405,22/12/2017,17:06,725,,,17:06,16:40,16:40
1406,22/12/2017,17:07,730,,,17:07,16:41,16:41
1407,22/12/2017,17:08,732.5,,,17:08,16:42,16:42
1408,22/12/2017,17:09,735,,,17:09,16:43,16:43
1409,22/12/2017,17:10,737.5,,,17:10,16:44,16:44
1410,22/12/2017,17:11,740,,,17:11,16:45,16:45
1411,22/12/2017,17:12,745,,,17:12,16:46,16:46
1412,22/12/2017,17:13,750,,,17:13,16:47,16:47
1413,22/12/2017,17:14,745,,,17:14,16:48,16:48
1414,22/12/2017,17:15,747.5,,,17:15,16:49,16:49
1415,22/12/2017,17:16,750,,,17:16,16:50,16:50
1416,22/12/2017,17:17,752.5,,,17:17,16:51,16:51
1417,22/12/2017,17:18,757.5,,,17:18,16:52,16:52
1418,22/12/2017,17:19,760,,,17:19,16:53,16:53
1419,22/12/2017,17:20,765,,,17:20,16:54,16:54
1420,22/12/2017,17:21,770,,,17:21,16:55,16:55
1421,22/12/2017,17:22,772.5,,,17:22,16:56,16:56
1422,22/12/2017,17:23,775,,,17:23,16:57,16:57
1423,22/12/2017,17:24,787.5,,,17:24,16:58,16:58
1424,22/12/2017,17:25,797.5,,,17:25,16:59,16:59
1425,22/12/2017,17:26,797.5,,,17:26,17:00,17:00
1426,22/12/2017,17:27,795,,,17:27,17:01,17:01
1427,22/12/2017,17:28,792.5,,,17:28,17:02,17:02
1428,22/12/2017,17:29,802.5,,,17:29,17:03,17:03
1429,22/12/2017,17:30,805,,,17:30,17:04,17:04
1430,22/12/2017,17:31,802.5,,,17:31,17:05,17:05
1431,22/12/2017,17:32,807.5,,,17:32,17:06,17:06
1432,22/12/2017,17:33,810,,,17:33,17:07,17:07
1433,22/12/2017,17:34,815,,,17:34,17:08,17:08
1434,22/12/2017,17:35,822.5,,,17:35,17:09,17:09
1435,22/12/2017,17:36,827.5,,,17:36,17:10,17:10
1436,22/12/2017,17:37,830,,,17:37,17:11,17:11
1437,22/12/2017,17:38,835,,,17:38,17:12,17:12
1438,22/12/2017,17:39,830,,,17:39,17:13,17:13
1439,22/12/2017,17:40,830,,,17:40,17:14,17:14
1440,22/12/2017,17:41,822.5,,,17:41,17:15,17:15
1441,22/12/2017,17:42,820,,,17:42,17:16,17:16
1442,22/12/2017,17:43,832.5,,,17:43,17:17,17:17
1443,22/12/2017,17:44,842.5,,,17:44,17:18,17:18
1444,22/12/2017,17:45,855,,,17:45,17:19,17:19
1445,22/12/2017,17:46,860,,,17:46,17:20,17:20
1446,22/12/2017,17:47,860,,,17:47,17:21,17:21
1447,22/12/2017,17:48,857.5,,,17:48,17:22,17:22
1448,22/12/2017,17:49,865,,,17:49,17:23,17:23
1449,22/12/2017,17:50,870,,,17:50,17:24,17:24
1450,22/12/2017,17:51,877.5,,,17:51,17:25,17:25
1451,22/12/2017,17:52,887.5,,,17:52,17:26,17:26
1452,22/12/2017,17:53,895,,,17:53,17:27,17:27
1453,22/12/2017,17:54,890,,,17:54,17:28,17:28
1454,22/12/2017,17:55,890,,,17:55,17:29,17:29
1455,22/12/2017,17:56,892.5,,,17:56,17:30,17:30
1456,22/12/2017,17:57,897.5,,,17:57,17:31,17:31
1457,22/12/2017,17:58,905,,,17:58,17:32,17:32
1458,22/12/2017,17:59,925,,,17:59,17:33,17:33
1459,22/12/2017,18:00,937.5,,,18:00,17:34,17:34
1460,22/12/2017,18:01,950,,,18:01,17:35,17:35
1461,22/12/2017,18:02,957.5,,,18:02,17:36,17:36
1462,22/12/2017,18:03,965,,,18:03,17:37,17:37
1463,22/12/2017,18:04,972.5,,,18:04,17:38,17:38
1464,22/12/2017,18:05,972.5,,,18:05,17:39,17:39
1465,22/12/2017,18:06,977.5,,,18:06,17:40,17:40
1466,22/12/2017,18:07,985,,,18:07,17:41,17:41
1467,22/12/2017,18:08,990,,,18:08,17:42,17:42
1468,22/12/2017,18:09,995,,,18:09,17:43,17:43
1469,22/12/2017,18:10,995,,,18:10,17:44,17:44
1470,22/12/2017,18:11,997.5,,,18:11,17:45,17:45
1471,22/12/2017,18:12,1005,,,18:12,17:46,17:46
1472,22/12/2017,18:13,1015,,,18:13,17:47,17:47
1473,22/12/2017,18:14,1015,,,18:14,17:48,17:48
1474,22/12/2017,18:15,1025,,,18:15,17:49,17:49
1475,22/12/2017,18:16,1025,,,18:16,17:50,17:50
1476,22/12/2017,18:17,1035,,,18:17,17:51,17:51
1477,22/12/2017,18:18,1035,,,18:18,17:52,17:52
1478,22/12/2017,18:19,1040,,,18:19,17:53,17:53
1479,22/12/2017,18:20,1052.5,,,18:20,17:54,17:54
1480,22/12/2017,18:21,1057.5,,,18:21,17:55,17:55
1481,22/12/2017,18:22,1057.5,,,18:22,17:56,17:56
1482,22/12/2017,18:23,1057.5,,,18:23,17:57,17:57
1483,22/12/2017,18:24,1065,,,18:24,17:58,17:58
1484,22/12/2017,18:25,1072.5,,,18:25,17:59,17:59
1485,22/12/2017,18:26,1075,,,18:26,18:00,18:00
1486,22/12/2017,18:27,1082.5,,,18:27,18:01,18:01
1487,22/12/2017,18:28,1082.5,,,18:28,18:02,18:02
1488,22/12/2017,18:29,1082.5,,,18:29,18:03,18:03
1489,22/12/2017,18:30,1092.5,,,18:30,18:04,18:04
1490,22/12/2017,18:31,1105,,,18:31,18:05,18:05
1491,22/12/2017,18:32,1107.5,,,18:32,18:06,18:06
1492,22/12/2017,18:33,1110,,,18:33,18:07,18:07
1493,22/12/2017,18:34,1102.5,,,18:34,18:08,18:08
1494,22/12/2017,18:35,1115,,,18:35,18:09,18:09
1495,22/12/2017,18:36,1117.5,,,18:36,18:10,18:10
1496,22/12/2017,18:37,1125,,,18:37,18:11,18:11
1497,22/12/2017,18:38,1140,,,18:38,18:12,18:12
1498,22/12/2017,18:39,1155,,,18:39,18:13,18:13
1499,22/12/2017,18:40,1162.5,,,18:40,18:14,18:14
1500,22/12/2017,18:41,1165,,,18:41,18:15,18:15
1501,22/12/2017,18:42,1160,,,18:42,18:16,18:16
1502,22/12/2017,18:43,1155,,,18:43,18:17,18:17
1503,22/12/2017,18:44,1155,,,18:44,18:18,18:18
1504,22/12/2017,18:45,1162.5,,,18:45,18:19,18:19
1505,22/12/2017,18:46,1170,,,18:46,18:20,18:20
1506,22/12/2017,18:47,1175,,,18:47,18:21,18:21
1507,22/12/2017,18:48,1185,,,18:48,18:22,18:22
1508,22/12/2017,18:49,1190,,,18:49,18:23,18:23
1509,22/12/2017,18:50,1197.5,,,18:50,18:24,18:24
1510,22/12/2017,18:51,1202.5,,,18:51,18:25,18:25
1511,22/12/2017,18:52,1205,,,18:52,18:26,18:26
1512,22/12/2017,18:53,1205,,,18:53,18:27,18:27
1513,22/12/2017,18:54,1190,,,18:54,18:28,18:28
1514,22/12/2017,18:55,1197.5,,,18:55,18:29,18:29
1515,22/12/2017,18:56,1195,,,18:56,18:30,18:30
1516,22/12/2017,18:57,1192.5,,,18:57,18:31,18:31
1517,22/12/2017,18:58,1197.5,,,18:58,18:32,18:32
1518,22/12/2017,18:59,1205,,,18:59,18:33,18:33
1519,22/12/2017,19:00,1212.5,,,19:00,18:34,18:34
1520,22/12/2017,19:01,1205,,,19:01,18:35,18:35
1521,22/12/2017,19:02,1205,,,19:02,18:36,18:36
1522,22/12/2017,19:03,1215,,,19:03,18:37,18:37
1523,22/12/2017,19:04,1220,,,19:04,18:38,18:38
1524,22/12/2017,19:05,1222.5,,,19:05,18:39,18:39
1525,22/12/2017,19:06,1220,,,19:06,18:40,18:40
1526,22/12/2017,19:07,1225,,,19:07,18:41,18:41
1527,22/12/2017,19:08,1220,,,19:08,18:42,18:42
1528,22/12/2017,19:09,1220,,,19:09,18:43,18:43
1529,22/12/2017,19:10,1210,,,19:10,18:44,18:44
1530,22/12/2017,19:11,1205,,,19:11,18:45,18:45
1531,22/12/2017,19:12,1197.5,,,19:12,18:46,18:46
1532,22/12/2017,19:13,1200,,,19:13,18:47,18:47
1533,22/12/2017,19:14,1215,,,19:14,18:48,18:48
1534,22/12/2017,19:15,1222.5,,,19:15,18:49,18:49
1535,22/12/2017,19:16,1217.5,,,19:16,18:50,18:50
1536,22/12/2017,19:17,1210,,,19:17,18:51,18:51
1537,22/12/2017,19:18,1220,,,19:18,18:52,18:52
1538,22/12/2017,19:19,1215,,,19:19,18:53,18:53
1539,22/12/2017,19:20,1215,,,19:20,18:54,18:54
1540,22/12/2017,19:21,1222.5,,,19:21,18:55,18:55
1541,22/12/2017,19:22,1222.5,,,19:22,18:56,18:56
1542,22/12/2017,19:23,1225,,,19:23,18:57,18:57
1543,22/12/2017,19:24,1225,,,19:24,18:58,18:58
1544,22/12/2017,19:25,1237.5,,,19:25,18:59,18:59
1545,22/12/2017,19:26,1245,,,19:26,19:00,19:00
1546,22/12/2017,19:27,1247.5,,,19:27,19:01,19:01
1547,22/12/2017,19:28,1255,,,19:28,19:02,19:02
1548,22/12/2017,19:29,1265,,,19:29,19:03,19:03
1549,22/12/2017,19:30,1262.5,,,19:30,19:04,19:04
1550,22/12/2017,19:31,1245,,,19:31,19:05,19:05
1551,22/12/2017,19:32,1245,,,19:32,19:06,19:06
1552,22/12/2017,19:35,1265,,,19:35,19:07,19:07
1553,22/12/2017,19:36,1267.5,,,19:36,19:08,19:08
1554,22/12/2017,19:39,1240,,,19:39,19:09,19:09
1555,22/12/2017,19:40,1245,,,19:40,19:10,19:10
1556,22/12/2017,19:41,1252.5,,,19:41,19:11,19:11
1557,22/12/2017,19:42,1237.5,,,19:42,19:12,19:12
1558,22/12/2017,19:43,1212.5,,,19:43,19:13,19:13
1559,22/12/2017,19:44,1205,,,19:44,19:14,19:14
1560,22/12/2017,19:45,1197.5,,,19:45,19:15,19:15
1561,22/12/2017,19:46,1177.5,,,19:46,19:16,19:16
1562,22/12/2017,19:47,1165,,,19:47,19:17,19:17
1563,22/12/2017,19:48,1165,,,19:48,19:18,19:18
1564,22/12/2017,19:49,1160,,,19:49,19:19,19:19
1565,22/12/2017,19:50,1152.5,,,19:50,19:20,19:20
1566,22/12/2017,19:51,1137.5,,,19:51,19:21,19:21
1567,22/12/2017,19:52,1125,,,19:52,19:22,19:22
1568,22/12/2017,19:53,1122.5,,,19:53,19:23,19:23
1569,22/12/2017,19:54,1110,,,19:54,19:24,19:24
1570,22/12/2017,19:55,1110,,,19:55,19:25,19:25
1571,22/12/2017,19:56,1105,,,19:56,19:26,19:26
1572,22/12/2017,19:57,1090,,,19:57,19:27,19:27
1573,22/12/2017,19:58,1075,,,19:58,19:28,19:28
1574,22/12/2017,19:59,1065,,,19:59,19:29,19:29
1575,22/12/2017,20:00,1055,,,20:00,19:30,19:30
1576,22/12/2017,20:01,1042.5,,,20:01,19:31,19:31
1577,22/12/2017,20:02,1032.5,,,20:02,19:32,19:32
1578,22/12/2017,20:03,1030,,,20:03,19:33,19:33
1579,22/12/2017,20:04,1027.5,,,20:04,19:34,19:34
1580,22/12/2017,20:05,1022.5,,,20:05,19:35,19:35
1581,22/12/2017,20:06,1022.5,,,20:06,19:36,19:36
1582,22/12/2017,20:07,1017.5,,,20:07,19:37,19:37
1583,22/12/2017,20:08,1012.5,,,20:08,19:38,19:38
1584,22/12/2017,20:09,1000,,,20:09,19:39,19:39
1585,22/12/2017,20:10,992.5,,,20:10,19:40,19:40
1586,22/12/2017,20:11,992.5,,,20:11,19:41,19:41
1587,22/12/2017,20:12,987.5,,,20:12,19:42,19:42
1588,22/12/2017,20:13,987.5,,,20:13,19:43,19:43
1589,22/12/2017,20:14,980,,,20:14,19:44,19:44
1590,22/12/2017,20:15,972.5,,,20:15,19:45,19:45
1591,22/12/2017,20:16,967.5,,,20:16,19:46,19:46
1592,22/12/2017,20:17,962.5,,,20:17,19:47,19:47
1593,22/12/2017,20:18,950,,,20:18,19:48,19:48
1594,22/12/2017,20:19,940,,,20:19,19:49,19:49
1595,22/12/2017,20:20,942.5,,,20:20,19:50,19:50
1596,22/12/2017,20:21,935,,,20:21,19:51,19:51
1597,22/12/2017,20:22,927.5,,,20:22,19:52,19:52
1598,22/12/2017,20:23,912.5,,,20:23,19:53,19:53
1599,22/12/2017,20:24,910,,,20:24,19:54,19:54
1600,22/12/2017,20:25,910,,,20:25,19:55,19:55
1601,22/12/2017,20:26,900,,,20:26,19:56,19:56
1602,22/12/2017,20:27,890,,,20:27,19:57,19:57
1603,22/12/2017,20:28,890,,,20:28,19:58,19:58
1604,22/12/2017,20:29,882.5,,,20:29,19:59,19:59
1605,22/12/2017,20:30,877.5,,,20:30,20:00,20:00
1606,22/12/2017,20:31,865,,,20:31,20:01,20:01
1607,22/12/2017,20:32,857.5,,,20:32,20:02,20:02
1608,22/12/2017,20:33,857.5,,,20:33,20:03,20:03
1609,22/12/2017,20:34,850,,,20:34,20:04,20:04
1610,22/12/2017,20:35,840,,,20:35,20:05,20:05
1611,22/12/2017,20:36,830,,,20:36,20:06,20:06
1612,22/12/2017,20:37,830,,,20:37,20:07,20:07
1613,22/12/2017,20:38,830,,,20:38,20:08,20:08
1614,22/12/2017,20:39,822.5,,,20:39,20:09,20:09
1615,22/12/2017,20:40,822.5,,,20:40,20:10,20:10
1616,22/12/2017,20:41,812.5,,,20:41,20:11,20:11
1617,22/12/2017,20:42,807.5,,,20:42,20:12,20:12
1618,22/12/2017,20:43,800,,,20:43,20:13,20:13
1619,22/12/2017,20:44,797.5,,,20:44,20:14,20:14
1620,22/12/2017,20:45,795,,,20:45,20:15,20:15
1621,22/12/2017,20:46,797.5,,,20:46,20:16,20:16
1622,22/12/2017,20:47,795,,,20:47,20:17,20:17
1623,22/12/2017,20:48,795,,,20:48,20:18,20:18
1624,22/12/2017,20:49,782.5,,,20:49,20:19,20:19
1625,22/12/2017,20:50,775,,,20:50,20:20,20:20
1626,22/12/2017,20:51,772.5,,,20:51,20:21,20:21
1627,22/12/2017,20:52,767.5,,,20:52,20:22,20:22
1628,22/12/2017,20:53,765,,,20:53,20:23,20:23
1629,22/12/2017,20:54,757.5,,,20:54,20:24,20:24
1630,22/12/2017,20:55,750,,,20:55,20:25,20:25
1631,22/12/2017,20:56,755,,,20:56,20:26,20:26
1632,22/12/2017,20:57,750,,,20:57,20:27,20:27
1633,22/12/2017,20:58,740,,,20:58,20:28,20:28
1634,22/12/2017,20:59,735,,,20:59,20:29,20:29
1635,22/12/2017,21:00,735,,,21:00,20:30,20:30
1636,22/12/2017,21:01,732.5,,,21:01,20:31,20:31
1637,22/12/2017,21:02,722.5,,,21:02,20:32,20:32
1638,22/12/2017,21:03,717.5,,,21:03,20:33,20:33
1639,22/12/2017,21:04,717.5,,,21:04,20:34,20:34
1640,22/12/2017,21:05,717.5,,,21:05,20:35,20:35
1641,22/12/2017,21:06,715,,,21:06,20:36,20:36
1642,22/12/2017,21:07,705,,,21:07,20:37,20:37
1643,22/12/2017,21:08,700,,,21:08,20:38,20:38
1644,22/12/2017,21:09,705,,,21:09,20:39,20:39
1645,22/12/2017,21:10,695,,,21:10,20:40,20:40
1646,22/12/2017,21:11,685,,,21:11,20:41,20:41
1647,22/12/2017,21:12,680,,,21:12,20:42,20:42
1648,22/12/2017,21:13,675,,,21:13,20:43,20:43
1649,22/12/2017,21:14,682.5,,,21:14,20:44,20:44
1650,22/12/2017,21:15,672.5,,,21:15,20:45,20:45
1651,22/12/2017,21:16,665,,,21:16,20:46,20:46
1652,22/12/2017,21:17,660,,,21:17,20:47,20:47
1653,22/12/2017,21:18,655,,,21:18,20:48,20:48
1654,22/12/2017,21:19,652.5,,,21:19,20:49,20:49
1655,22/12/2017,21:20,650,,,21:20,20:50,20:50
1656,22/12/2017,21:21,647.5,,,21:21,20:51,20:51
1657,22/12/2017,21:22,640,,,21:22,20:52,20:52
1658,22/12/2017,21:23,637.5,,,21:23,20:53,20:53
1659,22/12/2017,21:24,627.5,,,21:24,20:54,20:54
1660,22/12/2017,21:25,630,,,21:25,20:55,20:55
1661,22/12/2017,21:26,622.5,,,21:26,20:56,20:56
1662,22/12/2017,21:27,620,,,21:27,20:57,20:57
1663,22/12/2017,21:28,620,,,21:28,20:58,20:58
1664,22/12/2017,21:29,615,,,21:29,20:59,20:59
1665,22/12/2017,21:30,607.5,,,21:30,21:00,21:00
1666,22/12/2017,21:31,605,,,21:31,21:01,21:01
1667,22/12/2017,21:32,600,,,21:32,21:02,21:02
1668,22/12/2017,21:33,595,,,21:33,21:03,21:03
1669,22/12/2017,21:34,595,,,21:34,21:04,21:04
1670,22/12/2017,21:35,595,,,21:35,21:05,21:05
1671,22/12/2017,21:36,592.5,,,21:36,21:06,21:06
1672,22/12/2017,21:37,592.5,,,21:37,21:07,21:07
1673,22/12/2017,21:38,587.5,,,21:38,21:08,21:08
1674,22/12/2017,21:39,577.5,,,21:39,21:09,21:09
1675,22/12/2017,21:40,575,,,21:40,21:10,21:10
1676,22/12/2017,21:41,575,,,21:41,21:11,21:11
1677,22/12/2017,21:42,575,,,21:42,21:12,21:12
1678,22/12/2017,21:43,562.5,,,21:43,21:13,21:13
1679,22/12/2017,21:44,557.5,,,21:44,21:14,21:14
1680,22/12/2017,21:45,560,,,21:45,21:15,21:15
1681,22/12/2017,21:46,555,,,21:46,21:16,21:16
1682,22/12/2017,21:47,547.5,,,21:47,21:17,21:17
1683,22/12/2017,21:48,550,,,21:48,21:18,21:18
1684,22/12/2017,21:49,547.5,,,21:49,21:19,21:19
1685,22/12/2017,21:50,542.5,,,21:50,21:20,21:20
1686,22/12/2017,21:51,537.5,,,21:51,21:21,21:21
1687,22/12/2017,21:52,532.5,,,21:52,21:22,21:22
1688,22/12/2017,21:53,527.5,,,21:53,21:23,21:23
1689,22/12/2017,21:54,525,,,21:54,21:24,21:24
1690,22/12/2017,21:55,520,,,21:55,21:25,21:25
1691,22/12/2017,21:56,515,,,21:56,21:26,21:26
1692,22/12/2017,21:57,512.5,,,21:57,21:27,21:27
1693,22/12/2017,21:58,510,,,21:58,21:28,21:28
1694,22/12/2017,21:59,505,,,21:59,21:29,21:29
1695,22/12/2017,22:00,505,,,22:00,21:30,21:30
1696,22/12/2017,22:01,502.5,,,22:01,21:31,21:31
1697,22/12/2017,22:02,500,,,22:02,21:32,21:32
1698,22/12/2017,22:03,502.5,,,22:03,21:33,21:33
1699,22/12/2017,22:04,497.5,,,22:04,21:34,21:34
1700,22/12/2017,22:05,490,,,22:05,21:35,21:35
1701,22/12/2017,22:06,485,,,22:06,21:36,21:36
1702,22/12/2017,22:07,485,,,22:07,21:37,21:37
1703,22/12/2017,22:08,480,,,22:08,21:38,21:38
1704,22/12/2017,22:09,482.5,,,22:09,21:39,21:39
1705,22/12/2017,22:10,480,,,22:10,21:40,21:40
1706,22/12/2017,22:11,477.5,,,22:11,21:41,21:41
1707,22/12/2017,22:12,472.5,,,22:12,21:42,21:42
1708,22/12/2017,22:13,467.5,,,22:13,21:43,21:43
1709,22/12/2017,22:14,470,,,22:14,21:44,21:44
1710,22/12/2017,22:15,467.5,,,22:15,21:45,21:45
1711,22/12/2017,22:16,467.5,,,22:16,21:46,21:46
1712,22/12/2017,22:17,465,,,22:17,21:47,21:47
1713,22/12/2017,22:18,462.5,,,22:18,21:48,21:48
1714,22/12/2017,22:19,460,,,22:19,21:49,21:49
1715,22/12/2017,22:20,460,,,22:20,21:50,21:50
1716,22/12/2017,22:21,457.5,,,22:21,21:51,21:51
1717,22/12/2017,22:22,452.5,,,22:22,21:52,21:52
1718,22/12/2017,22:23,452.5,,,22:23,21:53,21:53
1719,22/12/2017,22:24,450,,,22:24,21:54,21:54
1720,22/12/2017,22:25,445,,,22:25,21:55,21:55
1721,22/12/2017,22:26,442.5,,,22:26,21:56,21:56
1722,22/12/2017,22:27,442.5,,,22:27,21:57,21:57
1723,22/12/2017,22:28,440,,,22:28,21:58,21:58
1724,22/12/2017,22:29,437.5,,,22:29,21:59,21:59
1725,22/12/2017,22:30,435,,,22:30,22:00,22:00
1726,22/12/2017,22:31,437.5,,,22:31,22:01,22:01
1727,22/12/2017,22:32,430,,,22:32,22:02,22:02
1728,22/12/2017,22:33,430,,,22:33,22:03,22:03
1729,22/12/2017,22:34,427.5,,,22:34,22:04,22:04
1730,22/12/2017,22:35,425,,,22:35,22:05,22:05
1731,22/12/2017,22:36,422.5,,,22:36,22:06,22:06
1732,22/12/2017,22:37,417.5,,,22:37,22:07,22:07
1733,22/12/2017,22:38,415,,,22:38,22:08,22:08
1734,22/12/2017,22:39,417.5,,,22:39,22:09,22:09
1735,22/12/2017,22:40,415,,,22:40,22:10,22:10
1736,22/12/2017,22:41,412.5,,,22:41,22:11,22:11
1737,22/12/2017,22:42,410,,,22:42,22:12,22:12
1738,22/12/2017,22:43,402.5,,,22:43,22:13,22:13
1739,22/12/2017,22:44,410,,,22:44,22:14,22:14
1740,22/12/2017,22:45,407.5,,,22:45,22:15,22:15
1741,22/12/2017,22:46,407.5,,,22:46,22:16,22:16
1742,22/12/2017,22:47,410,,,22:47,22:17,22:17
1743,22/12/2017,22:48,407.5,,,22:48,22:18,22:18
1744,22/12/2017,22:49,402.5,,,22:49,22:19,22:19
1745,22/12/2017,22:50,400,,,22:50,22:20,22:20
1746,22/12/2017,22:51,390,,,22:51,22:21,22:21
1747,22/12/2017,22:52,395,,,22:52,22:22,22:22
1748,22/12/2017,22:53,390,,,22:53,22:23,22:23
1749,22/12/2017,22:54,390,,,22:54,22:24,22:24
1750,22/12/2017,22:55,390,,,22:55,22:25,22:25
1751,22/12/2017,22:56,390,,,22:56,22:26,22:26
1752,22/12/2017,22:57,390,,,22:57,22:27,22:27
1753,22/12/2017,22:58,390,,,22:58,22:28,22:28
1754,22/12/2017,22:59,390,,,22:59,22:29,22:29
1755,22/12/2017,23:00,390,,,23:00,22:30,22:30
2475,23/12/2017,11:00,357.5,,,,22:31,22:31
2476,23/12/2017,11:01,360,,,,22:32,22:32
2477,23/12/2017,11:02,360,,,,22:33,22:33
2478,23/12/2017,11:03,357.5,,,,22:34,22:34
2479,23/12/2017,11:04,357.5,,,,22:35,22:35
2480,23/12/2017,11:05,355,,,,22:36,22:36
2481,23/12/2017,11:06,357.5,,,,22:37,22:37
2482,23/12/2017,11:07,357.5,,,,22:38,22:38
2483,23/12/2017,11:08,360,,,,22:39,22:39
2484,23/12/2017,11:09,357.5,,,,22:40,22:40
2485,23/12/2017,11:10,357.5,,,,22:41,22:41
2486,23/12/2017,11:11,360,,,,22:42,22:42
2487,23/12/2017,11:12,355,,,,22:43,22:43
2488,23/12/2017,11:13,357.5,,,,22:44,22:44
2489,23/12/2017,11:14,355,,,,22:45,22:45
2490,23/12/2017,11:15,355,,,,22:46,22:46
2491,23/12/2017,11:16,357.5,,,,22:47,22:47
2492,23/12/2017,11:17,360,,,,22:48,22:48
2493,23/12/2017,11:18,360,,,,22:49,22:49
2494,23/12/2017,11:19,360,,,,22:50,22:50
2495,23/12/2017,11:20,357.5,,,,22:51,22:51
2496,23/12/2017,11:21,355,,,,22:52,22:52
2497,23/12/2017,11:22,360,,,,22:53,22:53
2498,23/12/2017,11:23,360,,,,22:54,22:54
2499,23/12/2017,11:24,360,,,,22:55,22:55
2500,23/12/2017,11:25,360,,,,22:56,22:56
2501,23/12/2017,11:26,360,,,,22:57,22:57
2502,23/12/2017,11:27,360,,,,22:58,22:58
2503,23/12/2017,11:28,360,,,,22:59,22:59
2504,23/12/2017,11:29,360,,,,23:00,23:00
2505,23/12/2017,11:30,360,,,,,11:00
2506,23/12/2017,11:31,360,,,,,11:01
2507,23/12/2017,11:32,357.5,,,,,11:02
2508,23/12/2017,11:33,360,,,,,11:03
2509,23/12/2017,11:34,357.5,,,,,11:04
2510,23/12/2017,11:35,360,,,,,11:05
2511,23/12/2017,11:36,360,,,,,11:06
2512,23/12/2017,11:37,360,,,,,11:07
2513,23/12/2017,11:38,360,,,,,11:08
2514,23/12/2017,11:39,360,,,,,11:09
2515,23/12/2017,11:40,360,,,,,11:10
2516,23/12/2017,11:41,357.5,,,,,11:11
2517,23/12/2017,11:42,357.5,,,,,11:12
2518,23/12/2017,11:43,357.5,,,,,11:13
2519,23/12/2017,11:44,360,,,,,11:14
2520,23/12/2017,11:45,355,,,,,11:15
2521,23/12/2017,11:46,360,,,,,11:16
2522,23/12/2017,11:47,357.5,,,,,11:17
2523,23/12/2017,11:48,360,,,,,11:18
2524,23/12/2017,11:49,360,,,,,11:19
2525,23/12/2017,11:50,360,,,,,11:20
2526,23/12/2017,11:51,360,,,,,11:21
2527,23/12/2017,11:52,360,,,,,11:22
2528,23/12/2017,11:53,360,,,,,11:23
2529,23/12/2017,11:54,360,,,,,11:24
2530,23/12/2017,11:55,360,,,,,11:25
2531,23/12/2017,11:56,360,,,,,11:26
2532,23/12/2017,11:57,360,,,,,11:27
2533,23/12/2017,11:58,360,,,,,11:28
2534,23/12/2017,11:59,360,,,,,11:29
2535,23/12/2017,12:00,360,,,,,11:30
2536,23/12/2017,12:01,360,,,,,11:31
2537,23/12/2017,12:02,360,,,,,11:32
2538,23/12/2017,12:03,360,,,,,11:33
2539,23/12/2017,12:04,365,,,,,11:34
2540,23/12/2017,12:05,365,,,,,11:35
2541,23/12/2017,12:06,365,,,,,11:36
2542,23/12/2017,12:07,365,,,,,11:37
2543,23/12/2017,12:08,365,,,,,11:38
2544,23/12/2017,12:09,365,,,,,11:39
2545,23/12/2017,12:10,365,,,,,11:40
2546,23/12/2017,12:11,365,,,,,11:41
2547,23/12/2017,12:12,367.5,,,,,11:42
2548,23/12/2017,12:13,367.5,,,,,11:43
2549,23/12/2017,12:14,370,,,,,11:44
2550,23/12/2017,12:15,370,,,,,11:45
2551,23/12/2017,12:16,370,,,,,11:46
2552,23/12/2017,12:17,370,,,,,11:47
2553,23/12/2017,12:18,370,,,,,11:48
2554,23/12/2017,12:19,370,,,,,11:49
2555,23/12/2017,12:20,370,,,,,11:50
2556,23/12/2017,12:21,370,,,,,11:51
2557,23/12/2017,12:22,370,,,,,11:52
2558,23/12/2017,12:23,370,,,,,11:53
2559,23/12/2017,12:24,370,,,,,11:54
2560,23/12/2017,12:25,370,,,,,11:55
2561,23/12/2017,12:26,372.5,,,,,11:56
2562,23/12/2017,12:27,375,,,,,11:57
2563,23/12/2017,12:28,375,,,,,11:58
2564,23/12/2017,12:29,375,,,,,11:59
2565,23/12/2017,12:30,375,,,,,12:00
2566,23/12/2017,12:31,375,,,,,12:01
2567,23/12/2017,12:32,375,,,,,12:02
2568,23/12/2017,12:33,375,,,,,12:03
2569,23/12/2017,12:34,375,,,,,12:04
2570,23/12/2017,12:35,375,,,,,12:05
2571,23/12/2017,12:36,380,,,,,12:06
2572,23/12/2017,12:37,380,,,,,12:07
2573,23/12/2017,12:38,380,,,,,12:08
2574,23/12/2017,12:39,380,,,,,12:09
2575,23/12/2017,12:40,380,,,,,12:10
2576,23/12/2017,12:41,380,,,,,12:11
2577,23/12/2017,12:42,380,,,,,12:12
2578,23/12/2017,12:43,380,,,,,12:13
2579,23/12/2017,12:44,380,,,,,12:14
2580,23/12/2017,12:45,380,,,,,12:15
2581,23/12/2017,12:46,380,,,,,12:16
2582,23/12/2017,12:47,380,,,,,12:17
2583,23/12/2017,12:48,380,,,,,12:18
2584,23/12/2017,12:49,380,,,,,12:19
2585,23/12/2017,12:50,385,,,,,12:20
2586,23/12/2017,12:51,385,,,,,12:21
2587,23/12/2017,12:52,385,,,,,12:22
2588,23/12/2017,12:53,385,,,,,12:23
2589,23/12/2017,12:54,385,,,,,12:24
2590,23/12/2017,12:55,390,,,,,12:25
2591,23/12/2017,12:56,385,,,,,12:26
2592,23/12/2017,12:57,385,,,,,12:27
2593,23/12/2017,12:58,390,,,,,12:28
2594,23/12/2017,12:59,390,,,,,12:29
2595,23/12/2017,13:00,390,,,,,12:30
2596,23/12/2017,13:01,390,,,,,12:31
2597,23/12/2017,13:02,397.5,,,,,12:32
2598,23/12/2017,13:03,402.5,,,,,12:33
2599,23/12/2017,13:04,402.5,,,,,12:34
2600,23/12/2017,13:05,405,,,,,12:35
2601,23/12/2017,13:06,402.5,,,,,12:36
2602,23/12/2017,13:07,415,,,,,12:37
2603,23/12/2017,13:08,420,,,,,12:38
2604,23/12/2017,13:09,420,,,,,12:39
2605,23/12/2017,13:10,430,,,,,12:40
2606,23/12/2017,13:11,435,,,,,12:41
2607,23/12/2017,13:12,445,,,,,12:42
2608,23/12/2017,13:13,442.5,,,,,12:43
2609,23/12/2017,13:14,447.5,,,,,12:44
2610,23/12/2017,13:15,460,,,,,12:45
2611,23/12/2017,13:16,462.5,,,,,12:46
2612,23/12/2017,13:17,465,,,,,12:47
2613,23/12/2017,13:18,475,,,,,12:48
2614,23/12/2017,13:19,480,,,,,12:49
2615,23/12/2017,13:20,490,,,,,12:50
2616,23/12/2017,13:21,495,,,,,12:51
2617,23/12/2017,13:22,495,,,,,12:52
2618,23/12/2017,13:23,495,,,,,12:53
2619,23/12/2017,13:24,497.5,,,,,12:54
2620,23/12/2017,13:25,505,,,,,12:55
2621,23/12/2017,13:26,507.5,,,,,12:56
2622,23/12/2017,13:27,487.5,,,,,12:57
2623,23/12/2017,13:28,455,,,,,12:58
2624,23/12/2017,13:29,440,,,,,12:59
2625,23/12/2017,13:30,437.5,,,,,13:00
2626,23/12/2017,13:31,440,,,,,13:01
2627,23/12/2017,13:32,465,,,,,13:02
2628,23/12/2017,13:33,475,,,,,13:03
2629,23/12/2017,13:34,485,,,,,13:04
2630,23/12/2017,13:35,497.5,,,,,13:05
2631,23/12/2017,13:36,510,,,,,13:06
2632,23/12/2017,13:37,515,,,,,13:07
2633,23/12/2017,13:38,525,,,,,13:08
2634,23/12/2017,13:39,527.5,,,,,13:09
2635,23/12/2017,13:40,525,,,,,13:10
2636,23/12/2017,13:41,540,,,,,13:11
2637,23/12/2017,13:42,550,,,,,13:12
2638,23/12/2017,13:43,560,,,,,13:13
2639,23/12/2017,13:44,560,,,,,13:14
2640,23/12/2017,13:45,562.5,,,,,13:15
2641,23/12/2017,13:46,567.5,,,,,13:16
2642,23/12/2017,13:47,570,,,,,13:17
2643,23/12/2017,13:48,570,,,,,13:18
2644,23/12/2017,13:49,575,,,,,13:19
2645,23/12/2017,13:50,577.5,,,,,13:20
2646,23/12/2017,13:51,580,,,,,13:21
2647,23/12/2017,13:52,590,,,,,13:22
2648,23/12/2017,13:53,592.5,,,,,13:23
2649,23/12/2017,13:54,597.5,,,,,13:24
2650,23/12/2017,13:55,592.5,,,,,13:25
2651,23/12/2017,13:56,595,,,,,13:26
2652,23/12/2017,13:57,595,,,,,13:27
2653,23/12/2017,13:58,607.5,,,,,13:28
2654,23/12/2017,13:59,612.5,,,,,13:29
2655,23/12/2017,14:00,610,,,,,13:30
2656,23/12/2017,14:01,605,,,,,13:31
2657,23/12/2017,14:02,607.5,,,,,13:32
2658,23/12/2017,14:03,610,,,,,13:33
2659,23/12/2017,14:04,610,,,,,13:34
2660,23/12/2017,14:05,612.5,,,,,13:35
2661,23/12/2017,14:06,620,,,,,13:36
2662,23/12/2017,14:07,630,,,,,13:37
2663,23/12/2017,14:08,640,,,,,13:38
2664,23/12/2017,14:09,647.5,,,,,13:39
2665,23/12/2017,14:10,655,,,,,13:40
2666,23/12/2017,14:11,660,,,,,13:41
2667,23/12/2017,14:12,665,,,,,13:42
2668,23/12/2017,14:13,660,,,,,13:43
2669,23/12/2017,14:14,647.5,,,,,13:44
2670,23/12/2017,14:15,645,,,,,13:45
2671,23/12/2017,14:16,640,,,,,13:46
2672,23/12/2017,14:17,632.5,,,,,13:47
2673,23/12/2017,14:18,630,,,,,13:48
2674,23/12/2017,14:19,630,,,,,13:49
2675,23/12/2017,14:20,632.5,,,,,13:50
2676,23/12/2017,14:21,630,,,,,13:51
2677,23/12/2017,14:22,632.5,,,,,13:52
2678,23/12/2017,14:23,640,,,,,13:53
2679,23/12/2017,14:24,640,,,,,13:54
2680,23/12/2017,14:25,635,,,,,13:55
2681,23/12/2017,14:26,645,,,,,13:56
2682,23/12/2017,14:27,645,,,,,13:57
2683,23/12/2017,14:28,632.5,,,,,13:58
2684,23/12/2017,14:29,627.5,,,,,13:59
2685,23/12/2017,14:30,620,,,,,14:00
2686,23/12/2017,14:31,612.5,,,,,14:01
2687,23/12/2017,14:32,605,,,,,14:02
2688,23/12/2017,14:33,605,,,,,14:03
2689,23/12/2017,14:34,597.5,,,,,14:04
2690,23/12/2017,14:35,587.5,,,,,14:05
2691,23/12/2017,14:36,585,,,,,14:06
2692,23/12/2017,14:37,575,,,,,14:07
2693,23/12/2017,14:38,560,,,,,14:08
2694,23/12/2017,14:39,547.5,,,,,14:09
2695,23/12/2017,14:40,540,,,,,14:10
2696,23/12/2017,14:41,537.5,,,,,14:11
2697,23/12/2017,14:42,532.5,,,,,14:12
2698,23/12/2017,14:43,530,,,,,14:13
2699,23/12/2017,14:44,527.5,,,,,14:14
2700,23/12/2017,14:45,532.5,,,,,14:15
2701,23/12/2017,14:46,532.5,,,,,14:16
2702,23/12/2017,14:47,537.5,,,,,14:17
2703,23/12/2017,14:48,545,,,,,14:18
2704,23/12/2017,14:49,545,,,,,14:19
2705,23/12/2017,14:50,540,,,,,14:20
2706,23/12/2017,14:51,540,,,,,14:21
2707,23/12/2017,14:52,540,,,,,14:22
2708,23/12/2017,14:53,537.5,,,,,14:23
2709,23/12/2017,14:54,540,,,,,14:24
2710,23/12/2017,14:55,535,,,,,14:25
2711,23/12/2017,14:56,527.5,,,,,14:26
2712,23/12/2017,14:57,527.5,,,,,14:27
2713,23/12/2017,14:58,522.5,,,,,14:28
2714,23/12/2017,14:59,515,,,,,14:29
2715,23/12/2017,15:00,515,,,,,14:30
2716,23/12/2017,15:01,515,,,,,14:31
2717,23/12/2017,15:02,510,,,,,14:32
2718,23/12/2017,15:03,507.5,,,,,14:33
2719,23/12/2017,15:04,505,,,,,14:34
2720,23/12/2017,15:05,497.5,,,,,14:35
2721,23/12/2017,15:06,485,,,,,14:36
2722,23/12/2017,15:07,485,,,,,14:37
2723,23/12/2017,15:08,490,,,,,14:38
2724,23/12/2017,15:09,477.5,,,,,14:39
2725,23/12/2017,15:10,470,,,,,14:40
2726,23/12/2017,15:11,467.5,,,,,14:41
2727,23/12/2017,15:12,467.5,,,,,14:42
2728,23/12/2017,15:13,470,,,,,14:43
2729,23/12/2017,15:14,460,,,,,14:44
2730,23/12/2017,15:15,460,,,,,14:45
2731,23/12/2017,15:16,460,,,,,14:46
2732,23/12/2017,15:17,460,,,,,14:47
2733,23/12/2017,15:18,457.5,,,,,14:48
2734,23/12/2017,15:19,452.5,,,,,14:49
2735,23/12/2017,15:20,455,,,,,14:50
2736,23/12/2017,15:21,447.5,,,,,14:51
2737,23/12/2017,15:22,445,,,,,14:52
2738,23/12/2017,15:23,440,,,,,14:53
2739,23/12/2017,15:24,435,,,,,14:54
2740,23/12/2017,15:25,432.5,,,,,14:55
2741,23/12/2017,15:26,432.5,,,,,14:56
2742,23/12/2017,15:27,430,,,,,14:57
2743,23/12/2017,15:28,420,,,,,14:58
2744,23/12/2017,15:29,415,,,,,14:59
2745,23/12/2017,15:30,417.5,,,,,15:00
2746,23/12/2017,15:31,415,,,,,15:01
2747,23/12/2017,15:32,417.5,,,,,15:02
2748,23/12/2017,15:33,417.5,,,,,15:03
2749,23/12/2017,15:34,417.5,,,,,15:04
2750,23/12/2017,15:35,412.5,,,,,15:05
2751,23/12/2017,15:36,407.5,,,,,15:06
2752,23/12/2017,15:37,410,,,,,15:07
2753,23/12/2017,15:38,407.5,,,,,15:08
2754,23/12/2017,15:39,420,,,,,15:09
2755,23/12/2017,15:40,415,,,,,15:10
2756,23/12/2017,15:41,415,,,,,15:11
2757,23/12/2017,15:42,420,,,,,15:12
2758,23/12/2017,15:43,420,,,,,15:13
2759,23/12/2017,15:44,422.5,,,,,15:14
2760,23/12/2017,15:45,427.5,,,,,15:15
2761,23/12/2017,15:46,425,,,,,15:16
2762,23/12/2017,15:47,427.5,,,,,15:17
2763,23/12/2017,15:48,430,,,,,15:18
2764,23/12/2017,15:49,430,,,,,15:19
2765,23/12/2017,15:50,435,,,,,15:20
2766,23/12/2017,15:51,435,,,,,15:21
2767,23/12/2017,15:52,447.5,,,,,15:22
2768,23/12/2017,15:53,450,,,,,15:23
2769,23/12/2017,15:54,450,,,,,15:24
2770,23/12/2017,15:55,450,,,,,15:25
2771,23/12/2017,15:56,452.5,,,,,15:26
2772,23/12/2017,15:57,455,,,,,15:27
2773,23/12/2017,15:58,462.5,,,,,15:28
2774,23/12/2017,15:59,462.5,,,,,15:29
2775,23/12/2017,16:00,470,,,,,15:30
2776,23/12/2017,16:01,470,,,,,15:31
2777,23/12/2017,16:02,472.5,,,,,15:32
2778,23/12/2017,16:03,472.5,,,,,15:33
2779,23/12/2017,16:04,475,,,,,15:34
2780,23/12/2017,16:05,472.5,,,,,15:35
2781,23/12/2017,16:06,475,,,,,15:36
2782,23/12/2017,16:07,477.5,,,,,15:37
2783,23/12/2017,16:08,475,,,,,15:38
2784,23/12/2017,16:09,475,,,,,15:39
2785,23/12/2017,16:10,485,,,,,15:40
2786,23/12/2017,16:11,490,,,,,15:41
2787,23/12/2017,16:12,490,,,,,15:42
2788,23/12/2017,16:13,490,,,,,15:43
2789,23/12/2017,16:14,500,,,,,15:44
2790,23/12/2017,16:15,500,,,,,15:45
2791,23/12/2017,16:16,502.5,,,,,15:46
2792,23/12/2017,16:17,510,,,,,15:47
2793,23/12/2017,16:18,507.5,,,,,15:48
2794,23/12/2017,16:19,515,,,,,15:49
2795,23/12/2017,16:20,517.5,,,,,15:50
2796,23/12/2017,16:21,515,,,,,15:51
2797,23/12/2017,16:22,515,,,,,15:52
2798,23/12/2017,16:23,525,,,,,15:53
2799,23/12/2017,16:24,520,,,,,15:54
2800,23/12/2017,16:25,525,,,,,15:55
2801,23/12/2017,16:26,525,,,,,15:56
2802,23/12/2017,16:27,530,,,,,15:57
2803,23/12/2017,16:28,527.5,,,,,15:58
2804,23/12/2017,16:29,525,,,,,15:59
2805,23/12/2017,16:30,535,,,,,16:00
2806,23/12/2017,16:31,537.5,,,,,16:01
2807,23/12/2017,16:32,530,,,,,16:02
2808,23/12/2017,16:33,530,,,,,16:03
2809,23/12/2017,16:34,532.5,,,,,16:04
2810,23/12/2017,16:35,537.5,,,,,16:05
2811,23/12/2017,16:36,535,,,,,16:06
2812,23/12/2017,16:37,535,,,,,16:07
2813,23/12/2017,16:40,555,,,,,16:08
2814,23/12/2017,16:41,562.5,,,,,16:09
2815,23/12/2017,16:42,565,,,,,16:10
2816,23/12/2017,16:43,562.5,,,,,16:11
2817,23/12/2017,16:44,570,,,,,16:12
2818,23/12/2017,16:45,570,,,,,16:13
2819,23/12/2017,16:46,567.5,,,,,16:14
2820,23/12/2017,16:47,567.5,,,,,16:15
2821,23/12/2017,16:48,572.5,,,,,16:16
2822,23/12/2017,16:49,575,,,,,16:17
2823,23/12/2017,16:50,585,,,,,16:18
2824,23/12/2017,16:51,590,,,,,16:19
2825,23/12/2017,16:52,587.5,,,,,16:20
2826,23/12/2017,16:53,590,,,,,16:21
2827,23/12/2017,16:54,595,,,,,16:22
2828,23/12/2017,16:55,595,,,,,16:23
2829,23/12/2017,16:56,602.5,,,,,16:24
2830,23/12/2017,16:57,607.5,,,,,16:25
2831,23/12/2017,16:58,617.5,,,,,16:26
2832,23/12/2017,16:59,622.5,,,,,16:27
2833,23/12/2017,17:00,627.5,,,,,16:28
2834,23/12/2017,17:01,632.5,,,,,16:29
2835,23/12/2017,17:02,640,,,,,16:30
2836,23/12/2017,17:03,647.5,,,,,16:31
2837,23/12/2017,17:04,652.5,,,,,16:32
2838,23/12/2017,17:05,660,,,,,16:33
2839,23/12/2017,17:06,670,,,,,16:34
2840,23/12/2017,17:07,672.5,,,,,16:35
2841,23/12/2017,17:08,670,,,,,16:36
2842,23/12/2017,17:09,672.5,,,,,16:37
2843,23/12/2017,17:10,682.5,,,,,16:38
2844,23/12/2017,17:11,685,,,,,16:39
2845,23/12/2017,17:12,690,,,,,16:40
2846,23/12/2017,17:13,700,,,,,16:41
2847,23/12/2017,17:14,700,,,,,16:42
2848,23/12/2017,17:15,707.5,,,,,16:43
2849,23/12/2017,17:16,710,,,,,16:44
2850,23/12/2017,17:17,720,,,,,16:45
2851,23/12/2017,17:18,722.5,,,,,16:46
2852,23/12/2017,17:19,725,,,,,16:47
2853,23/12/2017,17:20,730,,,,,16:48
2854,23/12/2017,17:21,730,,,,,16:49
2855,23/12/2017,17:22,732.5,,,,,16:50
2856,23/12/2017,17:23,735,,,,,16:51
2857,23/12/2017,17:24,735,,,,,16:52
2858,23/12/2017,17:25,725,,,,,16:53
2859,23/12/2017,17:26,720,,,,,16:54
2860,23/12/2017,17:27,715,,,,,16:55
2861,23/12/2017,17:28,702.5,,,,,16:56
2862,23/12/2017,17:29,710,,,,,16:57
2863,23/12/2017,17:30,717.5,,,,,16:58
2864,23/12/2017,17:31,730,,,,,16:59
2865,23/12/2017,17:32,735,,,,,17:00
2866,23/12/2017,17:33,745,,,,,17:01
2867,23/12/2017,17:34,760,,,,,17:02
2868,23/12/2017,17:35,760,,,,,17:03
2869,23/12/2017,17:36,767.5,,,,,17:04
2870,23/12/2017,17:37,770,,,,,17:05
2871,23/12/2017,17:38,775,,,,,17:06
2872,23/12/2017,17:39,775,,,,,17:07
2873,23/12/2017,17:40,780,,,,,17:08
2874,23/12/2017,17:41,777.5,,,,,17:09
2875,23/12/2017,17:42,780,,,,,17:10
2876,23/12/2017,17:43,782.5,,,,,17:11
2877,23/12/2017,17:44,782.5,,,,,17:12
2878,23/12/2017,17:45,787.5,,,,,17:13
2879,23/12/2017,17:46,790,,,,,17:14
2880,23/12/2017,17:47,792.5,,,,,17:15
2881,23/12/2017,17:48,797.5,,,,,17:16
2882,23/12/2017,17:49,805,,,,,17:17
2883,23/12/2017,17:50,807.5,,,,,17:18
2884,23/12/2017,17:51,805,,,,,17:19
2885,23/12/2017,17:52,810,,,,,17:20
2886,23/12/2017,17:53,817.5,,,,,17:21
2887,23/12/2017,17:54,825,,,,,17:22
2888,23/12/2017,17:55,830,,,,,17:23
2889,23/12/2017,17:56,825,,,,,17:24
2890,23/12/2017,17:57,837.5,,,,,17:25
2891,23/12/2017,17:58,840,,,,,17:26
2892,23/12/2017,17:59,847.5,,,,,17:27
2893,23/12/2017,18:00,867.5,,,,,17:28
2894,23/12/2017,18:01,880,,,,,17:29
2895,23/12/2017,18:02,885,,,,,17:30
2896,23/12/2017,18:03,890,,,,,17:31
2897,23/12/2017,18:04,892.5,,,,,17:32
2898,23/12/2017,18:05,895,,,,,17:33
2899,23/12/2017,18:06,910,,,,,17:34
2900,23/12/2017,18:07,912.5,,,,,17:35
2901,23/12/2017,18:08,915,,,,,17:36
2902,23/12/2017,18:09,922.5,,,,,17:37
2903,23/12/2017,18:10,925,,,,,17:38
2904,23/12/2017,18:11,932.5,,,,,17:39
2905,23/12/2017,18:12,945,,,,,17:40
2906,23/12/2017,18:13,947.5,,,,,17:41
2907,23/12/2017,18:14,945,,,,,17:42
2908,23/12/2017,18:15,942.5,,,,,17:43
2909,23/12/2017,18:16,950,,,,,17:44
2910,23/12/2017,18:17,955,,,,,17:45
2911,23/12/2017,18:18,955,,,,,17:46
2912,23/12/2017,18:19,962.5,,,,,17:47
2913,23/12/2017,18:20,967.5,,,,,17:48
2914,23/12/2017,18:21,972.5,,,,,17:49
2915,23/12/2017,18:22,975,,,,,17:50
2916,23/12/2017,18:23,990,,,,,17:51
2917,23/12/2017,18:24,987.5,,,,,17:52
2918,23/12/2017,18:25,987.5,,,,,17:53
2919,23/12/2017,18:26,990,,,,,17:54
2920,23/12/2017,18:27,997.5,,,,,17:55
2921,23/12/2017,18:28,1000,,,,,17:56
2922,23/12/2017,18:29,1007.5,,,,,17:57
2923,23/12/2017,18:30,1010,,,,,17:58
2924,23/12/2017,18:31,1012.5,,,,,17:59
2925,23/12/2017,18:32,1010,,,,,18:00
2926,23/12/2017,18:33,1012.5,,,,,18:01
2927,23/12/2017,18:34,1027.5,,,,,18:02
2928,23/12/2017,18:35,1032.5,,,,,18:03
2929,23/12/2017,18:36,1032.5,,,,,18:04
2930,23/12/2017,18:37,1037.5,,,,,18:05
2931,23/12/2017,18:38,1045,,,,,18:06
2932,23/12/2017,18:39,1045,,,,,18:07
2933,23/12/2017,18:40,1050,,,,,18:08
2934,23/12/2017,18:41,1052.5,,,,,18:09
2935,23/12/2017,18:42,1055,,,,,18:10
2936,23/12/2017,18:43,1057.5,,,,,18:11
2937,23/12/2017,18:44,1065,,,,,18:12
2938,23/12/2017,18:45,1057.5,,,,,18:13
2939,23/12/2017,18:46,1060,,,,,18:14
2940,23/12/2017,18:47,1047.5,,,,,18:15
2941,23/12/2017,18:48,1042.5,,,,,18:16
2942,23/12/2017,18:49,1045,,,,,18:17
2943,23/12/2017,18:50,1040,,,,,18:18
2944,23/12/2017,18:51,1037.5,,,,,18:19
2945,23/12/2017,18:52,1035,,,,,18:20
2946,23/12/2017,18:53,1035,,,,,18:21
2947,23/12/2017,18:54,1030,,,,,18:22
2948,23/12/2017,18:55,1035,,,,,18:23
2949,23/12/2017,18:56,1037.5,,,,,18:24
2950,23/12/2017,18:57,1045,,,,,18:25
2951,23/12/2017,18:58,1045,,,,,18:26
2952,23/12/2017,18:59,1050,,,,,18:27
2953,23/12/2017,19:00,1050,,,,,18:28
2954,23/12/2017,19:01,1042.5,,,,,18:29
2955,23/12/2017,19:02,1037.5,,,,,18:30
2956,23/12/2017,19:03,1032.5,,,,,18:31
2957,23/12/2017,19:04,1035,,,,,18:32
2958,23/12/2017,19:05,1037.5,,,,,18:33
2959,23/12/2017,19:06,1040,,,,,18:34
2960,23/12/2017,19:07,1035,,,,,18:35
2961,23/12/2017,19:08,1040,,,,,18:36
2962,23/12/2017,19:09,1040,,,,,18:37
2963,23/12/2017,19:10,1037.5,,,,,18:38
2964,23/12/2017,19:11,1042.5,,,,,18:39
2965,23/12/2017,19:12,1035,,,,,18:40
2966,23/12/2017,19:13,1032.5,,,,,18:41
2967,23/12/2017,19:14,1030,,,,,18:42
2968,23/12/2017,19:15,1025,,,,,18:43
2969,23/12/2017,19:16,1022.5,,,,,18:44
2970,23/12/2017,19:17,1015,,,,,18:45
2971,23/12/2017,19:18,1020,,,,,18:46
2972,23/12/2017,19:19,1022.5,,,,,18:47
2973,23/12/2017,19:20,1027.5,,,,,18:48
2974,23/12/2017,19:21,1032.5,,,,,18:49
2975,23/12/2017,19:22,1025,,,,,18:50
2976,23/12/2017,19:23,1020,,,,,18:51
2977,23/12/2017,19:24,1015,,,,,18:52
2978,23/12/2017,19:25,1012.5,,,,,18:53
2979,23/12/2017,19:26,1010,,,,,18:54
2980,23/12/2017,19:27,1005,,,,,18:55
2981,23/12/2017,19:28,1012.5,,,,,18:56
2982,23/12/2017,19:29,1022.5,,,,,18:57
2983,23/12/2017,19:30,1020,,,,,18:58
2984,23/12/2017,19:31,1017.5,,,,,18:59
2985,23/12/2017,19:32,1017.5,,,,,19:00
2986,23/12/2017,19:33,1015,,,,,19:01
2987,23/12/2017,19:34,1020,,,,,19:02
2988,23/12/2017,19:35,1027.5,,,,,19:03
2989,23/12/2017,19:36,1025,,,,,19:04
2990,23/12/2017,19:37,1025,,,,,19:05
2991,23/12/2017,19:38,1025,,,,,19:06
2992,23/12/2017,19:39,1020,,,,,19:07
2993,23/12/2017,19:40,1027.5,,,,,19:08
2994,23/12/2017,19:41,1022.5,,,,,19:09
2995,23/12/2017,19:42,1025,,,,,19:10
2996,23/12/2017,19:43,1025,,,,,19:11
2997,23/12/2017,19:44,1020,,,,,19:12
2998,23/12/2017,19:45,1010,,,,,19:13
2999,23/12/2017,19:46,1005,,,,,19:14
3000,23/12/2017,19:47,1002.5,,,,,19:15
3001,23/12/2017,19:48,997.5,,,,,19:16
3002,23/12/2017,19:49,1005,,,,,19:17
3003,23/12/2017,19:50,1020,,,,,19:18
3004,23/12/2017,19:51,1017.5,,,,,19:19
3005,23/12/2017,19:52,1027.5,,,,,19:20
3006,23/12/2017,19:53,1032.5,,,,,19:21
3007,23/12/2017,19:54,1027.5,,,,,19:22
3008,23/12/2017,19:55,1025,,,,,19:23
3009,23/12/2017,19:56,1015,,,,,19:24
3010,23/12/2017,19:57,1010,,,,,19:25
3011,23/12/2017,19:58,1007.5,,,,,19:26
3012,23/12/2017,19:59,1015,,,,,19:27
3013,23/12/2017,20:00,1005,,,,,19:28
3014,23/12/2017,20:01,1002.5,,,,,19:29
3015,23/12/2017,20:02,995,,,,,19:30
3016,23/12/2017,20:03,990,,,,,19:31
3017,23/12/2017,20:04,985,,,,,19:32
3018,23/12/2017,20:05,980,,,,,19:33
3019,23/12/2017,20:06,977.5,,,,,19:34
3020,23/12/2017,20:07,970,,,,,19:35
3021,23/12/2017,20:08,975,,,,,19:36
3022,23/12/2017,20:09,970,,,,,19:37
3023,23/12/2017,20:10,967.5,,,,,19:38
3024,23/12/2017,20:11,955,,,,,19:39
3025,23/12/2017,20:12,950,,,,,19:40
3026,23/12/2017,20:13,937.5,,,,,19:41
3027,23/12/2017,20:14,932.5,,,,,19:42
3028,23/12/2017,20:15,930,,,,,19:43
3029,23/12/2017,20:16,922.5,,,,,19:44
3030,23/12/2017,20:17,915,,,,,19:45
3031,23/12/2017,20:18,912.5,,,,,19:46
3032,23/12/2017,20:19,907.5,,,,,19:47
3033,23/12/2017,20:20,897.5,,,,,19:48
3034,23/12/2017,20:21,895,,,,,19:49
3035,23/12/2017,20:22,890,,,,,19:50
3036,23/12/2017,20:23,890,,,,,19:51
3037,23/12/2017,20:24,877.5,,,,,19:52
3038,23/12/2017,20:25,872.5,,,,,19:53
3039,23/12/2017,20:26,865,,,,,19:54
3040,23/12/2017,20:27,862.5,,,,,19:55
3041,23/12/2017,20:28,860,,,,,19:56
3042,23/12/2017,20:29,860,,,,,19:57
3043,23/12/2017,20:30,850,,,,,19:58
3044,23/12/2017,20:31,845,,,,,19:59
3045,23/12/2017,20:32,845,,,,,20:00
3046,23/12/2017,20:33,845,,,,,20:01
3047,23/12/2017,20:34,845,,,,,20:02
3048,23/12/2017,20:35,840,,,,,20:03
3049,23/12/2017,20:36,830,,,,,20:04
3050,23/12/2017,20:37,827.5,,,,,20:05
3051,23/12/2017,20:38,830,,,,,20:06
3052,23/12/2017,20:39,830,,,,,20:07
3053,23/12/2017,20:40,825,,,,,20:08
3054,23/12/2017,20:41,827.5,,,,,20:09
3055,23/12/2017,20:42,812.5,,,,,20:10
3056,23/12/2017,20:43,807.5,,,,,20:11
3057,23/12/2017,20:44,807.5,,,,,20:12
3058,23/12/2017,20:45,805,,,,,20:13
3059,23/12/2017,20:46,792.5,,,,,20:14
3060,23/12/2017,20:47,787.5,,,,,20:15
3061,23/12/2017,20:48,785,,,,,20:16
3062,23/12/2017,20:49,785,,,,,20:17
3063,23/12/2017,20:50,777.5,,,,,20:18
3064,23/12/2017,20:51,775,,,,,20:19
3065,23/12/2017,20:52,770,,,,,20:20
3066,23/12/2017,20:53,765,,,,,20:21
3067,23/12/2017,20:54,760,,,,,20:22
3068,23/12/2017,20:55,750,,,,,20:23
3069,23/12/2017,20:56,755,,,,,20:24
3070,23/12/2017,20:57,752.5,,,,,20:25
3071,23/12/2017,20:58,750,,,,,20:26
3072,23/12/2017,20:59,740,,,,,20:27
3073,23/12/2017,21:00,740,,,,,20:28
3074,23/12/2017,21:01,735,,,,,20:29
3075,23/12/2017,21:02,725,,,,,20:30
3076,23/12/2017,21:03,727.5,,,,,20:31
3077,23/12/2017,21:04,722.5,,,,,20:32
3078,23/12/2017,21:05,720,,,,,20:33
3079,23/12/2017,21:06,715,,,,,20:34
3080,23/12/2017,21:07,710,,,,,20:35
3081,23/12/2017,21:08,710,,,,,20:36
3082,23/12/2017,21:09,712.5,,,,,20:37
3083,23/12/2017,21:10,700,,,,,20:38
3084,23/12/2017,21:11,702.5,,,,,20:39
3085,23/12/2017,21:12,700,,,,,20:40
3086,23/12/2017,21:13,700,,,,,20:41
3087,23/12/2017,21:14,697.5,,,,,20:42
3088,23/12/2017,21:15,695,,,,,20:43
3089,23/12/2017,21:16,680,,,,,20:44
3090,23/12/2017,21:17,680,,,,,20:45
3091,23/12/2017,21:18,675,,,,,20:46
3092,23/12/2017,21:19,672.5,,,,,20:47
3093,23/12/2017,21:20,672.5,,,,,20:48
3094,23/12/2017,21:21,665,,,,,20:49
3095,23/12/2017,21:22,662.5,,,,,20:50
3096,23/12/2017,21:23,650,,,,,20:51
3097,23/12/2017,21:24,650,,,,,20:52
3098,23/12/2017,21:25,645,,,,,20:53
3099,23/12/2017,21:26,640,,,,,20:54
3100,23/12/2017,21:27,630,,,,,20:55
3101,23/12/2017,21:28,630,,,,,20:56
3102,23/12/2017,21:29,622.5,,,,,20:57
3103,23/12/2017,21:30,617.5,,,,,20:58
3104,23/12/2017,21:31,610,,,,,20:59
3105,23/12/2017,21:32,605,,,,,21:00
3106,23/12/2017,21:33,597.5,,,,,21:01
3107,23/12/2017,21:34,592.5,,,,,21:02
3108,23/12/2017,21:35,592.5,,,,,21:03
3109,23/12/2017,21:36,590,,,,,21:04
3110,23/12/2017,21:37,590,,,,,21:05
3111,23/12/2017,21:38,585,,,,,21:06
3112,23/12/2017,21:39,580,,,,,21:07
3113,23/12/2017,21:40,570,,,,,21:08
3114,23/12/2017,21:41,567.5,,,,,21:09
3115,23/12/2017,21:42,560,,,,,21:10
3116,23/12/2017,21:43,560,,,,,21:11
3117,23/12/2017,21:44,560,,,,,21:12
3118,23/12/2017,21:45,555,,,,,21:13
3119,23/12/2017,21:46,550,,,,,21:14
3120,23/12/2017,21:47,545,,,,,21:15
3121,23/12/2017,21:48,540,,,,,21:16
3122,23/12/2017,21:49,535,,,,,21:17
3123,23/12/2017,21:50,530,,,,,21:18
3124,23/12/2017,21:51,527.5,,,,,21:19
3125,23/12/2017,21:52,527.5,,,,,21:20
3126,23/12/2017,21:53,520,,,,,21:21
3127,23/12/2017,21:54,520,,,,,21:22
3128,23/12/2017,21:55,522.5,,,,,21:23
3129,23/12/2017,21:56,515,,,,,21:24
3130,23/12/2017,21:57,512.5,,,,,21:25
3131,23/12/2017,21:58,507.5,,,,,21:26
3132,23/12/2017,21:59,505,,,,,21:27
3133,23/12/2017,22:00,497.5,,,,,21:28
3134,23/12/2017,22:01,505,,,,,21:29
3135,23/12/2017,22:02,500,,,,,21:30
3136,23/12/2017,22:03,490,,,,,21:31
3137,23/12/2017,22:04,495,,,,,21:32
3138,23/12/2017,22:05,492.5,,,,,21:33
3139,23/12/2017,22:06,475,,,,,21:34
3140,23/12/2017,22:07,477.5,,,,,21:35
3141,23/12/2017,22:08,472.5,,,,,21:36
3142,23/12/2017,22:09,465,,,,,21:37
3143,23/12/2017,22:10,462.5,,,,,21:38
3144,23/12/2017,22:11,455,,,,,21:39
3145,23/12/2017,22:12,457.5,,,,,21:40
3146,23/12/2017,22:13,457.5,,,,,21:41
3147,23/12/2017,22:14,447.5,,,,,21:42
3148,23/12/2017,22:15,445,,,,,21:43
3149,23/12/2017,22:16,450,,,,,21:44
3150,23/12/2017,22:17,445,,,,,21:45
3151,23/12/2017,22:18,442.5,,,,,21:46
3152,23/12/2017,22:19,440,,,,,21:47
3153,23/12/2017,22:20,430,,,,,21:48
3154,23/12/2017,22:21,427.5,,,,,21:49
3155,23/12/2017,22:22,427.5,,,,,21:50
3156,23/12/2017,22:23,422.5,,,,,21:51
3157,23/12/2017,22:24,425,,,,,21:52
3158,23/12/2017,22:25,417.5,,,,,21:53
3159,23/12/2017,22:26,420,,,,,21:54
3160,23/12/2017,22:27,420,,,,,21:55
3161,23/12/2017,22:28,415,,,,,21:56
3162,23/12/2017,22:29,407.5,,,,,21:57
3163,23/12/2017,22:30,402.5,,,,,21:58
3164,23/12/2017,22:31,402.5,,,,,21:59
3165,23/12/2017,22:32,400,,,,,22:00
3166,23/12/2017,22:33,392.5,,,,,22:01
3167,23/12/2017,22:34,390,,,,,22:02
3168,23/12/2017,22:35,390,,,,,22:03
3169,23/12/2017,22:36,390,,,,,22:04
3170,23/12/2017,22:37,390,,,,,22:05
3171,23/12/2017,22:38,390,,,,,22:06
3172,23/12/2017,22:39,390,,,,,22:07
3173,23/12/2017,22:40,390,,,,,22:08
3174,23/12/2017,22:41,390,,,,,22:09
3175,23/12/2017,22:42,390,,,,,22:10
3176,23/12/2017,22:43,390,,,,,22:11
3177,23/12/2017,22:44,385,,,,,22:12
3178,23/12/2017,22:45,390,,,,,22:13
3179,23/12/2017,22:46,385,,,,,22:14
3180,23/12/2017,22:47,385,,,,,22:15
3181,23/12/2017,22:48,385,,,,,22:16
3182,23/12/2017,22:49,385,,,,,22:17
3183,23/12/2017,22:50,385,,,,,22:18
3184,23/12/2017,22:51,385,,,,,22:19
3185,23/12/2017,22:52,385,,,,,22:20
3186,23/12/2017,22:53,385,,,,,22:21
3187,23/12/2017,22:54,385,,,,,22:22
3188,23/12/2017,22:55,385,,,,,22:23
3189,23/12/2017,22:56,385,,,,,22:24
3190,23/12/2017,22:57,385,,,,,22:25
3191,23/12/2017,22:58,385,,,,,22:26
3192,23/12/2017,22:59,382.5,,,,,22:27
3193,23/12/2017,23:00,380,,,,,22:28
3913,25/12/2017,11:00,355,,,,,22:29
3914,25/12/2017,11:01,355,,,,,22:30
3915,25/12/2017,11:02,355,,,,,22:31
3916,25/12/2017,11:03,355,,,,,22:32
3917,25/12/2017,11:04,355,,,,,22:33
3918,25/12/2017,11:05,355,,,,,22:34
3919,25/12/2017,11:06,355,,,,,22:35
3920,25/12/2017,11:07,355,,,,,22:36
3921,25/12/2017,11:08,355,,,,,22:37
3922,25/12/2017,11:09,355,,,,,22:38
3923,25/12/2017,11:10,355,,,,,22:39
3924,25/12/2017,11:11,355,,,,,22:40
3925,25/12/2017,11:12,355,,,,,22:41
3926,25/12/2017,11:13,355,,,,,22:42
3927,25/12/2017,11:14,355,,,,,22:43
3928,25/12/2017,11:15,355,,,,,22:44
3929,25/12/2017,11:16,355,,,,,22:45
3930,25/12/2017,11:17,355,,,,,22:46
3931,25/12/2017,11:18,355,,,,,22:47
3932,25/12/2017,11:19,355,,,,,22:48
3933,25/12/2017,11:20,355,,,,,22:49
3934,25/12/2017,11:21,355,,,,,22:50
3935,25/12/2017,11:22,355,,,,,22:51
3936,25/12/2017,11:23,355,,,,,22:52
3937,25/12/2017,11:24,355,,,,,22:53
3938,25/12/2017,11:25,355,,,,,22:54
3939,25/12/2017,11:26,355,,,,,22:55
3940,25/12/2017,11:27,355,,,,,22:56
3941,25/12/2017,11:28,355,,,,,22:57
3942,25/12/2017,11:29,355,,,,,22:58
3943,25/12/2017,11:30,355,,,,,22:59
3944,25/12/2017,11:31,355,,,,,23:00
3945,25/12/2017,11:32,355,,,,,
3946,25/12/2017,11:33,355,,,,,
3947,25/12/2017,11:34,355,,,,,
3948,25/12/2017,11:35,355,,,,,
3949,25/12/2017,11:36,355,,,,,
3950,25/12/2017,11:37,355,,,,,
3951,25/12/2017,11:38,355,,,,,
3952,25/12/2017,11:39,355,,,,,
3953,25/12/2017,11:40,355,,,,,
3954,25/12/2017,11:41,355,,,,,
3955,25/12/2017,11:42,355,,,,,
3956,25/12/2017,11:43,355,,,,,
3957,25/12/2017,11:44,355,,,,,
3958,25/12/2017,11:45,355,,,,,
3959,25/12/2017,11:46,355,,,,,
3960,25/12/2017,11:47,355,,,,,
3961,25/12/2017,11:48,355,,,,,
3962,25/12/2017,11:49,355,,,,,
3963,25/12/2017,11:50,355,,,,,
3964,25/12/2017,11:51,355,,,,,
3965,25/12/2017,11:52,355,,,,,
3966,25/12/2017,11:53,355,,,,,
3967,25/12/2017,11:54,355,,,,,
3968,25/12/2017,11:55,355,,,,,
3969,25/12/2017,11:56,355,,,,,
3970,25/12/2017,11:57,355,,,,,
3971,25/12/2017,11:58,355,,,,,
3972,25/12/2017,11:59,355,,,,,
3973,25/12/2017,12:00,355,,,,,
3974,25/12/2017,12:01,355,,,,,
3975,25/12/2017,12:02,355,,,,,
3976,25/12/2017,12:03,355,,,,,
3977,25/12/2017,12:04,355,,,,,
3978,25/12/2017,12:05,355,,,,,
3979,25/12/2017,12:06,355,,,,,
3980,25/12/2017,12:07,355,,,,,
3981,25/12/2017,12:08,355,,,,,
3982,25/12/2017,12:09,355,,,,,
3983,25/12/2017,12:10,355,,,,,
3984,25/12/2017,12:11,355,,,,,
3985,25/12/2017,12:12,355,,,,,
3986,25/12/2017,12:13,355,,,,,
3987,25/12/2017,12:14,355,,,,,
3988,25/12/2017,12:15,355,,,,,
3989,25/12/2017,12:16,355,,,,,
3990,25/12/2017,12:17,355,,,,,
3991,25/12/2017,12:18,355,,,,,
3992,25/12/2017,12:19,355,,,,,
3993,25/12/2017,12:20,355,,,,,
3994,25/12/2017,12:21,355,,,,,
3995,25/12/2017,12:22,355,,,,,
3996,25/12/2017,12:23,355,,,,,
3997,25/12/2017,12:24,355,,,,,
3998,25/12/2017,12:25,355,,,,,
3999,25/12/2017,12:26,355,,,,,
4000,25/12/2017,12:27,355,,,,,
4001,25/12/2017,12:28,355,,,,,
4002,25/12/2017,12:29,355,,,,,
4003,25/12/2017,12:30,355,,,,,
4004,25/12/2017,12:31,355,,,,,
4005,25/12/2017,12:32,355,,,,,
4006,25/12/2017,12:33,355,,,,,
4007,25/12/2017,12:34,355,,,,,
4008,25/12/2017,12:35,355,,,,,
4009,25/12/2017,12:36,355,,,,,
4010,25/12/2017,12:37,355,,,,,
4011,25/12/2017,12:38,355,,,,,
4012,25/12/2017,12:39,355,,,,,
4013,25/12/2017,12:40,355,,,,,
4014,25/12/2017,12:41,355,,,,,
4015,25/12/2017,12:42,355,,,,,
4016,25/12/2017,12:43,355,,,,,
4017,25/12/2017,12:44,355,,,,,
4018,25/12/2017,12:45,355,,,,,
4019,25/12/2017,12:46,355,,,,,
4020,25/12/2017,12:47,355,,,,,
4021,25/12/2017,12:48,355,,,,,
4022,25/12/2017,12:49,355,,,,,
4023,25/12/2017,12:50,355,,,,,
4024,25/12/2017,12:51,355,,,,,
4025,25/12/2017,12:52,355,,,,,
4026,25/12/2017,12:53,355,,,,,
4027,25/12/2017,12:54,355,,,,,
4028,25/12/2017,12:55,355,,,,,
4029,25/12/2017,12:56,355,,,,,
4030,25/12/2017,12:57,355,,,,,
4031,25/12/2017,12:58,355,,,,,
4032,25/12/2017,12:59,355,,,,,
4033,25/12/2017,13:00,355,,,,,
4034,25/12/2017,13:01,355,,,,,
4035,25/12/2017,13:02,355,,,,,
4036,25/12/2017,13:03,355,,,,,
4037,25/12/2017,13:04,355,,,,,
4038,25/12/2017,13:05,355,,,,,
4039,25/12/2017,13:06,355,,,,,
4040,25/12/2017,13:07,355,,,,,
4041,25/12/2017,13:08,355,,,,,
4042,25/12/2017,13:09,355,,,,,
4043,25/12/2017,13:10,355,,,,,
4044,25/12/2017,13:11,355,,,,,
4045,25/12/2017,13:12,355,,,,,
4046,25/12/2017,13:13,355,,,,,
4047,25/12/2017,13:14,355,,,,,
4048,25/12/2017,13:15,355,,,,,
4049,25/12/2017,13:16,355,,,,,
4050,25/12/2017,13:17,355,,,,,
4051,25/12/2017,13:18,355,,,,,
4052,25/12/2017,13:19,355,,,,,
4053,25/12/2017,13:20,355,,,,,
4054,25/12/2017,13:21,355,,,,,
4055,25/12/2017,13:22,355,,,,,
4056,25/12/2017,13:23,355,,,,,
4057,25/12/2017,13:24,355,,,,,
4058,25/12/2017,13:25,355,,,,,
4059,25/12/2017,13:26,355,,,,,
4060,25/12/2017,13:27,355,,,,,
4061,25/12/2017,13:28,355,,,,,
4062,25/12/2017,13:29,355,,,,,
4063,25/12/2017,13:30,355,,,,,
4064,25/12/2017,13:31,355,,,,,
4065,25/12/2017,13:32,355,,,,,
4066,25/12/2017,13:33,355,,,,,
4067,25/12/2017,13:34,355,,,,,
4068,25/12/2017,13:35,355,,,,,
4069,25/12/2017,13:36,355,,,,,
4070,25/12/2017,13:37,355,,,,,
4071,25/12/2017,13:38,355,,,,,
4072,25/12/2017,13:39,355,,,,,
4073,25/12/2017,13:40,355,,,,,
4074,25/12/2017,13:41,355,,,,,
4075,25/12/2017,13:42,355,,,,,
4076,25/12/2017,13:43,355,,,,,
4077,25/12/2017,13:44,355,,,,,
4078,25/12/2017,13:45,355,,,,,
4079,25/12/2017,13:46,355,,,,,
4080,25/12/2017,13:47,355,,,,,
4081,25/12/2017,13:48,355,,,,,
4082,25/12/2017,13:49,355,,,,,
4083,25/12/2017,13:50,355,,,,,
4084,25/12/2017,13:51,355,,,,,
4085,25/12/2017,13:52,355,,,,,
4086,25/12/2017,13:53,355,,,,,
4087,25/12/2017,13:54,355,,,,,
4088,25/12/2017,13:55,355,,,,,
4089,25/12/2017,13:56,355,,,,,
4090,25/12/2017,13:57,355,,,,,
4091,25/12/2017,13:58,355,,,,,
4092,25/12/2017,13:59,355,,,,,
4093,25/12/2017,14:00,355,,,,,
4094,25/12/2017,14:01,355,,,,,
4095,25/12/2017,14:02,355,,,,,
4096,25/12/2017,14:03,355,,,,,
4097,25/12/2017,14:04,355,,,,,
4098,25/12/2017,14:05,355,,,,,
4099,25/12/2017,14:06,355,,,,,
4100,25/12/2017,14:07,355,,,,,
4101,25/12/2017,14:08,355,,,,,
4102,25/12/2017,14:09,355,,,,,
4103,25/12/2017,14:10,355,,,,,
4104,25/12/2017,14:11,355,,,,,
4105,25/12/2017,14:12,355,,,,,
4106,25/12/2017,14:13,355,,,,,
4107,25/12/2017,14:14,355,,,,,
4108,25/12/2017,14:15,355,,,,,
4109,25/12/2017,14:16,355,,,,,
4110,25/12/2017,14:17,355,,,,,
4111,25/12/2017,14:18,355,,,,,
4112,25/12/2017,14:19,355,,,,,
4113,25/12/2017,14:20,355,,,,,
4114,25/12/2017,14:21,355,,,,,
4115,25/12/2017,14:22,355,,,,,
4116,25/12/2017,14:23,355,,,,,
4117,25/12/2017,14:24,355,,,,,
4118,25/12/2017,14:25,355,,,,,
4119,25/12/2017,14:26,355,,,,,
4120,25/12/2017,14:27,355,,,,,
4121,25/12/2017,14:28,355,,,,,
4122,25/12/2017,14:29,355,,,,,
4123,25/12/2017,14:30,355,,,,,
4124,25/12/2017,14:31,355,,,,,
4125,25/12/2017,14:32,355,,,,,
4126,25/12/2017,14:33,355,,,,,
4127,25/12/2017,14:34,355,,,,,
4128,25/12/2017,14:35,355,,,,,
4129,25/12/2017,14:36,355,,,,,
4130,25/12/2017,14:37,355,,,,,
4131,25/12/2017,14:38,355,,,,,
4132,25/12/2017,14:39,355,,,,,
4133,25/12/2017,14:40,355,,,,,
4134,25/12/2017,14:41,355,,,,,
4135,25/12/2017,14:42,355,,,,,
4136,25/12/2017,14:43,355,,,,,
4137,25/12/2017,14:44,355,,,,,
4138,25/12/2017,14:45,355,,,,,
4139,25/12/2017,14:46,355,,,,,
4140,25/12/2017,14:47,355,,,,,
4141,25/12/2017,14:48,355,,,,,
4142,25/12/2017,14:49,355,,,,,
4143,25/12/2017,14:50,355,,,,,
4144,25/12/2017,14:51,355,,,,,
4145,25/12/2017,14:52,355,,,,,
4146,25/12/2017,14:53,355,,,,,
4147,25/12/2017,14:54,355,,,,,
4148,25/12/2017,14:55,355,,,,,
4149,25/12/2017,14:56,355,,,,,
4150,25/12/2017,14:57,355,,,,,
4151,25/12/2017,14:58,355,,,,,
4152,25/12/2017,14:59,355,,,,,
4153,25/12/2017,15:00,355,,,,,
4154,25/12/2017,15:01,355,,,,,
4155,25/12/2017,15:02,355,,,,,
4156,25/12/2017,15:03,355,,,,,
4157,25/12/2017,15:04,355,,,,,
4158,25/12/2017,15:05,355,,,,,
4159,25/12/2017,15:06,355,,,,,
4160,25/12/2017,15:07,355,,,,,
4161,25/12/2017,15:08,355,,,,,
4162,25/12/2017,15:09,355,,,,,
4163,25/12/2017,15:10,355,,,,,
4164,25/12/2017,15:11,355,,,,,
4165,25/12/2017,15:12,355,,,,,
4166,25/12/2017,15:13,355,,,,,
4167,25/12/2017,15:14,355,,,,,
4168,25/12/2017,15:15,355,,,,,
4169,25/12/2017,15:16,355,,,,,
4170,25/12/2017,15:17,355,,,,,
4171,25/12/2017,15:18,355,,,,,
4172,25/12/2017,15:19,355,,,,,
4173,25/12/2017,15:20,355,,,,,
4174,25/12/2017,15:21,355,,,,,
4175,25/12/2017,15:22,355,,,,,
4176,25/12/2017,15:23,355,,,,,
4177,25/12/2017,15:24,355,,,,,
4178,25/12/2017,15:25,355,,,,,
4179,25/12/2017,15:26,355,,,,,
4180,25/12/2017,15:27,355,,,,,
4181,25/12/2017,15:28,355,,,,,
4182,25/12/2017,15:29,355,,,,,
4183,25/12/2017,15:30,355,,,,,
4184,25/12/2017,15:31,355,,,,,
4185,25/12/2017,15:32,355,,,,,
4186,25/12/2017,15:33,355,,,,,
4187,25/12/2017,15:34,355,,,,,
4188,25/12/2017,15:35,355,,,,,
4189,25/12/2017,15:36,355,,,,,
4190,25/12/2017,15:37,355,,,,,
4191,25/12/2017,15:38,355,,,,,
4192,25/12/2017,15:39,355,,,,,
4193,25/12/2017,15:40,355,,,,,
4194,25/12/2017,15:41,355,,,,,
4195,25/12/2017,15:42,355,,,,,
4196,25/12/2017,15:43,355,,,,,
4197,25/12/2017,15:44,355,,,,,
4198,25/12/2017,15:45,355,,,,,
4199,25/12/2017,15:46,355,,,,,
4200,25/12/2017,15:47,355,,,,,
4201,25/12/2017,15:48,355,,,,,
4202,25/12/2017,15:49,355,,,,,
4203,25/12/2017,15:50,355,,,,,
4204,25/12/2017,15:51,355,,,,,
4205,25/12/2017,15:52,355,,,,,
4206,25/12/2017,15:53,355,,,,,
4207,25/12/2017,15:54,355,,,,,
4208,25/12/2017,15:55,355,,,,,
4209,25/12/2017,15:56,355,,,,,
4210,25/12/2017,15:57,355,,,,,
4211,25/12/2017,15:58,355,,,,,
4212,25/12/2017,15:59,352.5,,,,,
4213,25/12/2017,16:00,355,,,,,
4214,25/12/2017,16:01,355,,,,,
4215,25/12/2017,16:02,350,,,,,
4216,25/12/2017,16:03,350,,,,,
4217,25/12/2017,16:04,350,,,,,
4218,25/12/2017,16:05,350,,,,,
4219,25/12/2017,16:06,350,,,,,
4220,25/12/2017,16:07,355,,,,,
4221,25/12/2017,16:08,355,,,,,
4222,25/12/2017,16:09,355,,,,,
4223,25/12/2017,16:10,350,,,,,
4224,25/12/2017,16:11,355,,,,,
4225,25/12/2017,16:12,355,,,,,
4226,25/12/2017,16:13,352.5,,,,,
4227,25/12/2017,16:14,352.5,,,,,
4228,25/12/2017,16:15,355,,,,,
4229,25/12/2017,16:16,350,,,,,
4230,25/12/2017,16:17,350,,,,,
4231,25/12/2017,16:18,350,,,,,
4232,25/12/2017,16:19,350,,,,,
4233,25/12/2017,16:20,350,,,,,
4234,25/12/2017,16:21,352.5,,,,,
4235,25/12/2017,16:22,350,,,,,
4236,25/12/2017,16:23,350,,,,,
4237,25/12/2017,16:24,352.5,,,,,
4238,25/12/2017,16:25,355,,,,,
4239,25/12/2017,16:26,352.5,,,,,
4240,25/12/2017,16:27,352.5,,,,,
4241,25/12/2017,16:28,352.5,,,,,
4242,25/12/2017,16:29,352.5,,,,,
4243,25/12/2017,16:30,350,,,,,
4244,25/12/2017,16:31,350,,,,,
4245,25/12/2017,16:32,350,,,,,
4246,25/12/2017,16:33,355,,,,,
4247,25/12/2017,16:34,350,,,,,
4248,25/12/2017,16:35,350,,,,,
4249,25/12/2017,16:36,350,,,,,
4250,25/12/2017,16:37,352.5,,,,,
4251,25/12/2017,16:38,352.5,,,,,
4252,25/12/2017,16:39,350,,,,,
4253,25/12/2017,16:40,350,,,,,
4254,25/12/2017,16:41,350,,,,,
4255,25/12/2017,16:42,350,,,,,
4256,25/12/2017,16:43,350,,,,,
4257,25/12/2017,16:44,350,,,,,
4258,25/12/2017,16:45,350,,,,,
4259,25/12/2017,16:46,352.5,,,,,
4260,25/12/2017,16:47,350,,,,,
4261,25/12/2017,16:48,350,,,,,
4262,25/12/2017,16:49,350,,,,,
4263,25/12/2017,16:50,350,,,,,
4264,25/12/2017,16:51,350,,,,,
4265,25/12/2017,16:52,350,,,,,
4266,25/12/2017,16:53,350,,,,,
4267,25/12/2017,16:54,350,,,,,
4268,25/12/2017,16:55,350,,,,,
4269,25/12/2017,16:56,350,,,,,
4270,25/12/2017,16:57,350,,,,,
4271,25/12/2017,16:58,350,,,,,
4272,25/12/2017,16:59,350,,,,,
4273,25/12/2017,17:00,350,,,,,
4274,25/12/2017,17:01,350,,,,,
4275,25/12/2017,17:02,350,,,,,
4276,25/12/2017,17:03,350,,,,,
4277,25/12/2017,17:04,350,,,,,
4278,25/12/2017,17:05,350,,,,,
4279,25/12/2017,17:06,350,,,,,
4280,25/12/2017,17:07,350,,,,,
4281,25/12/2017,17:08,350,,,,,
4282,25/12/2017,17:09,350,,,,,
4283,25/12/2017,17:10,350,,,,,
4284,25/12/2017,17:11,350,,,,,
4285,25/12/2017,17:12,350,,,,,
4286,25/12/2017,17:13,350,,,,,
4287,25/12/2017,17:14,350,,,,,
4288,25/12/2017,17:15,350,,,,,
4289,25/12/2017,17:16,350,,,,,
4290,25/12/2017,17:17,350,,,,,
4291,25/12/2017,17:18,350,,,,,
4292,25/12/2017,17:19,350,,,,,
4293,25/12/2017,17:20,350,,,,,
4294,25/12/2017,17:21,350,,,,,
4295,25/12/2017,17:22,350,,,,,
4296,25/12/2017,17:23,350,,,,,
4297,25/12/2017,17:24,350,,,,,
4298,25/12/2017,17:25,350,,,,,
4299,25/12/2017,17:26,350,,,,,
4300,25/12/2017,17:27,350,,,,,
4301,25/12/2017,17:28,350,,,,,
4302,25/12/2017,17:29,350,,,,,
4303,25/12/2017,17:30,350,,,,,
4304,25/12/2017,17:31,350,,,,,
4305,25/12/2017,17:32,350,,,,,
4306,25/12/2017,17:33,350,,,,,
4307,25/12/2017,17:34,350,,,,,
4308,25/12/2017,17:35,352.5,,,,,
4309,25/12/2017,17:36,350,,,,,
4310,25/12/2017,17:37,350,,,,,
4311,25/12/2017,17:38,350,,,,,
4312,25/12/2017,17:39,350,,,,,
4313,25/12/2017,17:40,350,,,,,
4314,25/12/2017,17:41,350,,,,,
4315,25/12/2017,17:42,350,,,,,
4316,25/12/2017,17:43,350,,,,,
4317,25/12/2017,17:44,350,,,,,
4318,25/12/2017,17:45,350,,,,,
4319,25/12/2017,17:46,350,,,,,
4320,25/12/2017,17:47,350,,,,,
4321,25/12/2017,17:48,350,,,,,
4322,25/12/2017,17:49,350,,,,,
4323,25/12/2017,17:50,350,,,,,
4324,25/12/2017,17:51,350,,,,,
4325,25/12/2017,17:52,350,,,,,
4326,25/12/2017,17:53,350,,,,,
4327,25/12/2017,17:54,350,,,,,
4328,25/12/2017,17:55,350,,,,,
4329,25/12/2017,17:56,350,,,,,
4330,25/12/2017,17:57,350,,,,,
4331,25/12/2017,17:58,350,,,,,
4332,25/12/2017,17:59,350,,,,,
4333,25/12/2017,18:00,350,,,,,
4334,25/12/2017,18:01,350,,,,,
4335,25/12/2017,18:02,350,,,,,
4336,25/12/2017,18:03,352.5,,,,,
4337,25/12/2017,18:04,350,,,,,
4338,25/12/2017,18:05,350,,,,,
4339,25/12/2017,18:06,350,,,,,
4340,25/12/2017,18:07,350,,,,,
4341,25/12/2017,18:08,352.5,,,,,
4342,25/12/2017,18:09,350,,,,,
4343,25/12/2017,18:10,355,,,,,
4344,25/12/2017,18:11,355,,,,,
4345,25/12/2017,18:12,355,,,,,
4346,25/12/2017,18:13,355,,,,,
4347,25/12/2017,18:14,352.5,,,,,
4348,25/12/2017,18:15,352.5,,,,,
4349,25/12/2017,18:16,355,,,,,
4350,25/12/2017,18:17,355,,,,,
4351,25/12/2017,18:18,350,,,,,
4352,25/12/2017,18:19,355,,,,,
4353,25/12/2017,18:20,355,,,,,
4354,25/12/2017,18:21,355,,,,,
4355,25/12/2017,18:22,355,,,,,
4356,25/12/2017,18:23,352.5,,,,,
4357,25/12/2017,18:24,352.5,,,,,
4358,25/12/2017,18:25,350,,,,,
4359,25/12/2017,18:26,350,,,,,
4360,25/12/2017,18:27,352.5,,,,,
4361,25/12/2017,18:28,350,,,,,
4362,25/12/2017,18:29,352.5,,,,,
4363,25/12/2017,18:30,355,,,,,
4364,25/12/2017,18:31,350,,,,,
4365,25/12/2017,18:32,355,,,,,
4366,25/12/2017,18:33,355,,,,,
4367,25/12/2017,18:34,352.5,,,,,
4368,25/12/2017,18:35,355,,,,,
4369,25/12/2017,18:36,355,,,,,
4370,25/12/2017,18:37,355,,,,,
4371,25/12/2017,18:38,355,,,,,
4372,25/12/2017,18:39,355,,,,,
4373,25/12/2017,18:40,355,,,,,
4374,25/12/2017,18:41,355,,,,,
4375,25/12/2017,18:42,352.5,,,,,
4376,25/12/2017,18:43,355,,,,,
4377,25/12/2017,18:44,355,,,,,
4378,25/12/2017,18:45,355,,,,,
4379,25/12/2017,18:46,355,,,,,
4380,25/12/2017,18:47,352.5,,,,,
4381,25/12/2017,18:48,350,,,,,
4382,25/12/2017,18:49,352.5,,,,,
4383,25/12/2017,18:50,350,,,,,
4384,25/12/2017,18:51,352.5,,,,,
4385,25/12/2017,18:52,352.5,,,,,
4386,25/12/2017,18:53,350,,,,,
4387,25/12/2017,18:54,352.5,,,,,
4388,25/12/2017,18:55,352.5,,,,,
4389,25/12/2017,18:56,350,,,,,
4390,25/12/2017,18:57,350,,,,,
4391,25/12/2017,18:58,350,,,,,
4392,25/12/2017,18:59,352.5,,,,,
4393,25/12/2017,19:00,352.5,,,,,
4394,25/12/2017,19:01,355,,,,,
4395,25/12/2017,19:02,355,,,,,
4396,25/12/2017,19:03,352.5,,,,,
4397,25/12/2017,19:04,350,,,,,
4398,25/12/2017,19:05,350,,,,,
4399,25/12/2017,19:06,350,,,,,
4400,25/12/2017,19:07,350,,,,,
4401,25/12/2017,19:08,355,,,,,
4402,25/12/2017,19:09,352.5,,,,,
4403,25/12/2017,19:10,355,,,,,
4404,25/12/2017,19:11,352.5,,,,,
4405,25/12/2017,19:12,352.5,,,,,
4406,25/12/2017,19:13,350,,,,,
4407,25/12/2017,19:14,350,,,,,
4408,25/12/2017,19:15,352.5,,,,,
4409,25/12/2017,19:16,355,,,,,
4410,25/12/2017,19:17,355,,,,,
4411,25/12/2017,19:18,355,,,,,
4412,25/12/2017,19:19,352.5,,,,,
4413,25/12/2017,19:20,355,,,,,
4414,25/12/2017,19:21,355,,,,,
4415,25/12/2017,19:22,352.5,,,,,
4416,25/12/2017,19:23,350,,,,,
4417,25/12/2017,19:24,350,,,,,
4418,25/12/2017,19:25,355,,,,,
4419,25/12/2017,19:26,352.5,,,,,
4420,25/12/2017,19:27,355,,,,,
4421,25/12/2017,19:28,355,,,,,
4422,25/12/2017,19:29,350,,,,,
4423,25/12/2017,19:30,350,,,,,
4424,25/12/2017,19:31,352.5,,,,,
4425,25/12/2017,19:32,352.5,,,,,
4426,25/12/2017,19:33,352.5,,,,,
4427,25/12/2017,19:34,350,,,,,
4428,25/12/2017,19:35,350,,,,,
4429,25/12/2017,19:36,352.5,,,,,
4430,25/12/2017,19:37,350,,,,,
4431,25/12/2017,19:38,350,,,,,
4432,25/12/2017,19:39,350,,,,,
4433,25/12/2017,19:40,352.5,,,,,
4434,25/12/2017,19:41,355,,,,,
4435,25/12/2017,19:42,352.5,,,,,
4436,25/12/2017,19:43,355,,,,,
4437,25/12/2017,19:44,355,,,,,
4438,25/12/2017,19:45,352.5,,,,,
4439,25/12/2017,19:46,350,,,,,
4440,25/12/2017,19:47,350,,,,,
4441,25/12/2017,19:48,352.5,,,,,
4442,25/12/2017,19:49,355,,,,,
4443,25/12/2017,19:50,355,,,,,
4444,25/12/2017,19:51,355,,,,,
4445,25/12/2017,19:52,350,,,,,
4446,25/12/2017,19:53,350,,,,,
4447,25/12/2017,19:54,350,,,,,
4448,25/12/2017,19:55,350,,,,,
4449,25/12/2017,19:56,355,,,,,
4450,25/12/2017,19:57,350,,,,,
4451,25/12/2017,19:58,350,,,,,
4452,25/12/2017,19:59,352.5,,,,,
4453,25/12/2017,20:00,350,,,,,
4454,25/12/2017,20:01,350,,,,,
4455,25/12/2017,20:02,350,,,,,
4456,25/12/2017,20:03,350,,,,,
4457,25/12/2017,20:04,352.5,,,,,
4458,25/12/2017,20:05,355,,,,,
4459,25/12/2017,20:06,355,,,,,
4460,25/12/2017,20:07,350,,,,,
4461,25/12/2017,20:08,352.5,,,,,
4462,25/12/2017,20:09,350,,,,,
4463,25/12/2017,20:10,352.5,,,,,
4464,25/12/2017,20:11,355,,,,,
4465,25/12/2017,20:12,355,,,,,
4466,25/12/2017,20:13,350,,,,,
4467,25/12/2017,20:14,350,,,,,
4468,25/12/2017,20:15,350,,,,,
4469,25/12/2017,20:16,350,,,,,
4470,25/12/2017,20:17,350,,,,,
4471,25/12/2017,20:18,355,,,,,
4472,25/12/2017,20:19,352.5,,,,,
4473,25/12/2017,20:20,352.5,,,,,
4474,25/12/2017,20:21,355,,,,,
4475,25/12/2017,20:22,352.5,,,,,
4476,25/12/2017,20:23,350,,,,,
4477,25/12/2017,20:24,350,,,,,
4478,25/12/2017,20:25,350,,,,,
4479,25/12/2017,20:26,350,,,,,
4480,25/12/2017,20:27,350,,,,,
4481,25/12/2017,20:28,355,,,,,
4482,25/12/2017,20:29,350,,,,,
4483,25/12/2017,20:30,355,,,,,
4484,25/12/2017,20:31,355,,,,,
4485,25/12/2017,20:32,355,,,,,
4486,25/12/2017,20:33,352.5,,,,,
4487,25/12/2017,20:34,352.5,,,,,
4488,25/12/2017,20:35,355,,,,,
4489,25/12/2017,20:36,355,,,,,
4490,25/12/2017,20:37,355,,,,,
4491,25/12/2017,20:38,355,,,,,
4492,25/12/2017,20:39,355,,,,,
4493,25/12/2017,20:40,355,,,,,
4494,25/12/2017,20:41,355,,,,,
4495,25/12/2017,20:42,355,,,,,
4496,25/12/2017,20:43,355,,,,,
4497,25/12/2017,20:44,355,,,,,
4498,25/12/2017,20:45,355,,,,,
4499,25/12/2017,20:46,352.5,,,,,
4500,25/12/2017,20:47,352.5,,,,,
4501,25/12/2017,20:48,355,,,,,
4502,25/12/2017,20:49,350,,,,,
4503,25/12/2017,20:50,352.5,,,,,
4504,25/12/2017,20:51,355,,,,,
4505,25/12/2017,20:52,355,,,,,
4506,25/12/2017,20:53,350,,,,,
4507,25/12/2017,20:54,352.5,,,,,
4508,25/12/2017,20:55,350,,,,,
4509,25/12/2017,20:56,352.5,,,,,
4510,25/12/2017,20:57,352.5,,,,,
4511,25/12/2017,20:58,350,,,,,
4512,25/12/2017,20:59,350,,,,,
4513,25/12/2017,21:00,352.5,,,,,
4514,25/12/2017,21:01,350,,,,,
4515,25/12/2017,21:02,352.5,,,,,
4516,25/12/2017,21:03,355,,,,,
4517,25/12/2017,21:04,355,,,,,
4518,25/12/2017,21:05,355,,,,,
4519,25/12/2017,21:06,352.5,,,,,
4520,25/12/2017,21:07,355,,,,,
4521,25/12/2017,21:08,352.5,,,,,
4522,25/12/2017,21:09,355,,,,,
4523,25/12/2017,21:10,355,,,,,
4524,25/12/2017,21:11,355,,,,,
4525,25/12/2017,21:12,355,,,,,
4526,25/12/2017,21:13,352.5,,,,,
4527,25/12/2017,21:14,352.5,,,,,
4528,25/12/2017,21:15,355,,,,,
4529,25/12/2017,21:16,355,,,,,
4530,25/12/2017,21:17,355,,,,,
4531,25/12/2017,21:18,355,,,,,
4532,25/12/2017,21:19,352.5,,,,,
4533,25/12/2017,21:20,355,,,,,
4534,25/12/2017,21:21,355,,,,,
4535,25/12/2017,21:22,352.5,,,,,
4536,25/12/2017,21:23,352.5,,,,,
4537,25/12/2017,21:24,350,,,,,
4538,25/12/2017,21:25,350,,,,,
4539,25/12/2017,21:26,352.5,,,,,
4540,25/12/2017,21:27,352.5,,,,,
4541,25/12/2017,21:28,352.5,,,,,
4542,25/12/2017,21:29,355,,,,,
4543,25/12/2017,21:30,355,,,,,
4544,25/12/2017,21:31,355,,,,,
4545,25/12/2017,21:32,355,,,,,
4546,25/12/2017,21:33,355,,,,,
4547,25/12/2017,21:34,355,,,,,
4548,25/12/2017,21:35,355,,,,,
4549,25/12/2017,21:36,355,,,,,
4550,25/12/2017,21:37,355,,,,,
4551,25/12/2017,21:38,355,,,,,
4552,25/12/2017,21:39,352.5,,,,,
4553,25/12/2017,21:40,355,,,,,
4554,25/12/2017,21:41,355,,,,,
4555,25/12/2017,21:42,355,,,,,
4556,25/12/2017,21:43,355,,,,,
4557,25/12/2017,21:44,355,,,,,
4558,25/12/2017,21:45,355,,,,,
4559,25/12/2017,21:46,355,,,,,
4560,25/12/2017,21:47,355,,,,,
4561,25/12/2017,21:48,355,,,,,
4562,25/12/2017,21:49,350,,,,,
4563,25/12/2017,21:50,355,,,,,
4564,25/12/2017,21:51,355,,,,,
4565,25/12/2017,21:52,355,,,,,
4566,25/12/2017,21:53,355,,,,,
4567,25/12/2017,21:54,350,,,,,
4568,25/12/2017,21:55,355,,,,,
4569,25/12/2017,21:56,355,,,,,
4570,25/12/2017,21:57,355,,,,,
4571,25/12/2017,21:58,355,,,,,
4572,25/12/2017,21:59,355,,,,,
4573,25/12/2017,22:00,355,,,,,
4574,25/12/2017,22:01,355,,,,,
4575,25/12/2017,22:02,352.5,,,,,
4576,25/12/2017,22:03,355,,,,,
4577,25/12/2017,22:04,350,,,,,
4578,25/12/2017,22:05,355,,,,,
4579,25/12/2017,22:06,355,,,,,
4580,25/12/2017,22:07,355,,,,,
4581,25/12/2017,22:08,355,,,,,
4582,25/12/2017,22:09,355,,,,,
4583,25/12/2017,22:10,355,,,,,
4584,25/12/2017,22:11,355,,,,,
4585,25/12/2017,22:12,355,,,,,
4586,25/12/2017,22:13,355,,,,,
4587,25/12/2017,22:14,355,,,,,
4588,25/12/2017,22:15,355,,,,,
4589,25/12/2017,22:16,355,,,,,
4590,25/12/2017,22:17,355,,,,,
4591,25/12/2017,22:18,355,,,,,
4592,25/12/2017,22:19,355,,,,,
4593,25/12/2017,22:20,355,,,,,
4594,25/12/2017,22:21,355,,,,,
4595,25/12/2017,22:22,355,,,,,
4596,25/12/2017,22:23,355,,,,,
4597,25/12/2017,22:24,355,,,,,
4598,25/12/2017,22:25,355,,,,,
4599,25/12/2017,22:26,355,,,,,
4600,25/12/2017,22:27,355,,,,,
4601,25/12/2017,22:28,355,,,,,
4602,25/12/2017,22:29,355,,,,,
4603,25/12/2017,22:30,355,,,,,
4604,25/12/2017,22:31,355,,,,,
4605,25/12/2017,22:32,355,,,,,
4606,25/12/2017,22:33,355,,,,,
4607,25/12/2017,22:34,355,,,,,
4608,25/12/2017,22:35,355,,,,,
4609,25/12/2017,22:36,355,,,,,
4610,25/12/2017,22:37,355,,,,,
4611,25/12/2017,22:38,355,,,,,
4612,25/12/2017,22:39,355,,,,,
4613,25/12/2017,22:40,355,,,,,
4614,25/12/2017,22:41,355,,,,,
4615,25/12/2017,22:42,355,,,,,
4616,25/12/2017,22:43,355,,,,,
4617,25/12/2017,22:44,355,,,,,
4618,25/12/2017,22:45,355,,,,,
4619,25/12/2017,22:46,355,,,,,
4620,25/12/2017,22:47,355,,,,,
4621,25/12/2017,22:48,355,,,,,
4622,25/12/2017,22:49,355,,,,,
4623,25/12/2017,22:50,355,,,,,
4624,25/12/2017,22:51,355,,,,,
4625,25/12/2017,22:52,355,,,,,
4626,25/12/2017,22:53,355,,,,,
4627,25/12/2017,22:54,355,,,,,
4628,25/12/2017,22:55,355,,,,,
4629,25/12/2017,22:56,355,,,,,
4630,25/12/2017,22:57,355,,,,,
4631,25/12/2017,22:58,355,,,,,
4632,25/12/2017,22:59,355,,,,,
4633,25/12/2017,23:00,355,,,,,
